Daily NAV Change as of 03-Jul-24,Unnamed: 1,Unnamed: 2,Unnamed: 3
,,,
Equity Investment Solutions,2024-07-03 00:00:00,2024-07-02 00:00:00,%Chg
Aditya Birla Sun Life Balanced Advantage Fund - Regular Plan,98.76,98.38,0.39
Aditya Birla Sun Life Equity Hybrid '95 Fund - Regular Plan,1467.07,1458.56,0.58
Aditya Birla Sun Life Frontline Equity Fund - Regular Plan,505.44,502.28,0.63
Aditya Birla Sun Life Equity Advantage Fund - Regular Plan,897.09,891.48,0.63
Aditya Birla Sun Life Flexi Cap Fund - Regular Plan,1682.27,1669.15,0.79
Aditya Birla Sun Life ELSS Tax Saver - Regular Plan,205.38,204.59,0.39
Aditya Birla Sun Life Mid Cap Fund - Regular Plan,761.17,757.12,0.53
Aditya Birla Sun Life Small Cap Fund - Regular Plan,88.4293,88.0333,0.45
Aditya Birla Sun Life Banking & Financial Services Fund - Regular Plan,56.94,56.34,1.06
Aditya Birla Sun Life India GenNext Fund - Regular Plan,207.24,206.15,0.53
Aditya Birla Sun Life Manufacturing Equity Fund - Regular Plan,32.23,31.97,0.81
Aditya Birla Sun Life MNC Fund - Regular Plan,1394.01,1392.18,0.13
Aditya Birla Sun Life Arbitrage Fund - Regular Plan,24.8563,24.8453,0.04
Aditya Birla Sun Life Bal Bhavishya Yojna - Regular Plan,19.57,19.44,0.67
Aditya Birla Sun Life Business Cycle Fund - Regular Plan,14.8,14.71,0.61
Aditya Birla Sun Life Digital India Fund - Regular Plan,166.75,166.68,0.04
Aditya Birla Sun Life Dividend Yield Fund - Regular Plan,453.15,449.57,0.8
Aditya Birla Sun Life Equity Savings Fund - Regular Plan,20.45,20.41,0.2
Aditya Birla Sun Life ESG Integration Strategy Fund - Regular Plan,16.93,16.82,0.65
Aditya Birla Sun Life Focused Fund - Regular Plan,134.6101,133.6996,0.68
Aditya Birla Sun Life Global Emerging Opportunities Fund - Regular Plan,-,24.5886,-
Aditya Birla Sun Life Gold Fund - Regular Plan,21.425,21.3156,0.51
Aditya Birla Sun Life Infrastructure Fund - Regular Plan,99.45,98.68,0.78
Aditya Birla Sun Life International Equity Fund - Regular Plan,32.6332,32.3985,0.72
Aditya Birla Sun Life Multi-Cap Fund - Regular Plan,19.27,19.16,0.57
Aditya Birla Sun Life Pharma & Healthcare Fund - Regular Plan,27.31,27.15,0.59
Aditya Birla Sun Life PSU Equity Fund - Regular Plan,35.64,35.25,1.11
Aditya Birla Sun Life Pure Value Fund - Regular Plan,125.9435,125.0557,0.71
Aditya Birla Sun Life Regular Savings Fund - Regular Plan,61.5314,61.4046,0.21
Aditya Birla Sun Life Special Opportunities Fund - Regular Plan,23.19,23.03,0.69
,,,
FoFs,2024-07-03 00:00:00,2024-07-02 00:00:00,%Chg
Aditya Birla Sun Life Active Debt Multi-Manager FoF Scheme - Regular Plan,34.5377,34.5193,0.05
Aditya Birla Sun Life Asset Allocator FoF - Regular Plan,62.3491,61.9899,0.58
Aditya Birla Sun Life Financial Planning FoF - Aggressive Plan - Regular Plan,50.7867,50.4611,0.65
Aditya Birla Sun Life Financial Planning FoF - Conservative Plan - Regular Plan,31.7618,31.6509,0.35
Aditya Birla Sun Life Financial Planning FoF - Moderate Plan - Regular Plan,39.5529,39.3595,0.49
Aditya Birla Sun Life Global Emerging Opportunities Fund - Regular Plan,-,24.5886,-
Aditya Birla Sun Life Global Excellence Equity FoF - Retail Plan,-,31.8723,-
Aditya Birla Sun Life Gold Fund - Regular Plan,21.425,21.3156,0.51
Aditya Birla Sun Life Multi - Index FoF - Regular Plan,15.0044,14.9029,0.68
Aditya Birla Sun Life NASDAQ 100 FOF - Regular Plan,13.6672,13.5216,1.08
Aditya Birla Sun Life Silver ETF FoF - Regular Plan,14.1703,13.9593,1.51
,,,
Equity Index Funds,2024-07-03 00:00:00,2024-07-02 00:00:00,%Chg
Aditya Birla Sun Life Nifty 50 Equal Weight Index Fund - Regular Plan,17.1271,17.0154,0.66
Aditya Birla Sun Life Nifty 50 Index Fund - Regular Plan,243.7141,242.09,0.67
Aditya Birla Sun Life Nifty Midcap 150 Index Fund - Regular Plan,23.2563,23.0775,0.77
Aditya Birla Sun Life Nifty Next 50 Index Fund - Regular Plan,17.6185,17.4309,1.08
Aditya Birla Sun Life Nifty Smallcap 50 Index Fund - Regular Plan,20.8651,20.6781,0.9
,,,
ETF Funds,2024-07-03 00:00:00,2024-07-02 00:00:00,%Chg
Aditya Birla Sun Life BSE Sensex ETF,78.7901,78.2551,0.68
Aditya Birla Sun Life Gold ETF,64.36,63.8977,0.72
Aditya Birla Sun Life Nifty 200 Momentum 30 ETF,36.2199,35.7555,1.3
Aditya Birla Sun Life Nifty 200 Quality 30 ETF,21.4249,21.2901,0.63
Aditya Birla Sun Life Nifty 50 ETF,27.782,27.5966,0.67
Aditya Birla Sun Life Nifty Bank ETF,53.7922,52.8639,1.76
Aditya Birla Sun Life Nifty Healthcare ETF,12.8971,12.8,0.76
Aditya Birla Sun Life Nifty IT ETF,38.9106,38.8949,0.04
Aditya Birla Sun Life Nifty Next 50 ETF,75.0882,74.2856,1.08
Aditya Birla Sun Life Silver ETF,90.7831,89.1818,1.8
,,,
Balanced Advantage,2024-07-03 00:00:00,2024-07-02 00:00:00,%Chg
Aditya Birla Sun Life Balanced Advantage Fund - Regular Plan,98.76,98.38,0.39
Axis Balanced Advantage Fund - Regular Plan,19.64,19.55,0.46
Bandhan Balanced Advantage Fund - Regular Plan,22.919,22.836,0.36
Baroda BNP Paribas Balanced Advantage Fund - Regular Plan,22.8737,22.7761,0.43
DSP Dynamic Asset Allocation Fund - Regular Plan,25.669,25.585,0.33
Edelweiss Balanced Advantage Fund - Regular Plan,49.15,48.91,0.49
Franklin India Balanced Advantage Fund - Regular Plan,13.5928,13.5656,0.2
HDFC Balanced Advantage Fund,497.882,494.765,0.63
HSBC Balanced Advantage Fund,41.1441,41.0573,0.21
ICICI Prudential Balanced Advantage Fund,67.65,67.48,0.25
Kotak Balanced Advantage Fund - Regular Plan,19.366,19.277,0.46
LIC MF Balanced Advantage Fund - Regular Plan,12.9506,12.8856,0.5
Mirae Asset Balanced Advantage Fund - Regular Plan,13.277,13.215,0.47
Nippon India Balanced Advantage Fund,167.4008,166.5458,0.51
NJ Balanced Advantage Fund - Regular Plan,13.73,13.65,0.59
PGIM India Balanced Advantage Fund - Regular Plan,14.65,14.59,0.41
SBI Balanced Advantage Fund - Regular Plan,14.4868,14.4625,0.17
Tata Balanced Advantage Fund - Regular Plan,19.8837,19.8103,0.37
Union Balanced Advantage Fund - Regular Plan,19.53,19.43,0.51
CRISIL Hybrid 50+50 Moderate Index,-,14602.22,-
,,,
Aggressive Hybrid Fund,2024-07-03 00:00:00,2024-07-02 00:00:00,%Chg
Aditya Birla Sun Life Equity Hybrid '95 Fund - Regular Plan,1467.07,1458.56,0.58
Axis Equity Hybrid Fund - Regular Plan,19.41,19.32,0.47
Canara Robeco Equity Hybrid Fund - Regular Plan,341.36,339.98,0.41
DSP Equity & Bond Fund,331.604,329.111,0.76
Franklin India Equity Hybrid Fund,257.4718,256.5731,0.35
HDFC Hybrid Equity Fund,113.543,112.922,0.55
HSBC Aggressive Hybrid Fund,54.3547,53.9614,0.73
ICICI Prudential Equity & Debt Fund,360.61,359.08,0.43
Kotak Equity Hybrid Fund - Regular Plan,34.947,34.697,0.72
Mirae Asset Aggressive Hybrid Fund - Regular Plan,30.47,30.282,0.62
Nippon India Equity Hybrid Fund,99.4845,99.0272,0.46
SBI Equity Hybrid Fund,275.4882,274.026,0.53
Sundaram Aggressive Hybrid Fund,154.5902,153.9091,0.44
Tata Hybrid Equity Fund - Regular Plan,428.6015,425.9021,0.63
UTI Aggressive Hybrid Fund - Regular Plan,384.5664,382.266,0.6
CRISIL Hybrid 35+65 Aggressive Index,-,19666.58,-
,,,
Large Cap Funds,2024-07-03 00:00:00,2024-07-02 00:00:00,%Chg
Aditya Birla Sun Life Frontline Equity Fund - Regular Plan,505.44,502.28,0.63
Axis Bluechip Fund,58.96,58.62,0.58
Canara Robeco Bluechip Equity Fund - Regular Plan,59.97,59.57,0.67
DSP Top 100 Equity Fund - Regular Plan,441.926,437.794,0.94
Franklin India Bluechip Fund,977.8729,971.0385,0.7
HDFC Top 100 Fund,1117.798,1109.054,0.79
ICICI Prudential Bluechip Fund,104.56,104.03,0.51
Kotak Bluechip Fund - Regular Plan,554.462,550.571,0.71
Mirae Asset Large Cap Fund - Regular Plan,107.724,106.872,0.8
Nippon India Large Cap Fund,87.2089,86.4724,0.85
SBI Bluechip Fund,88.5993,88.0212,0.66
Sundaram Large Cap Fund - Regular Plan,20.9127,20.7508,0.78
UTI Large Cap Fund - Regular Plan,267.3971,265.5852,0.68
NIFTY 50 Total Return,35947.53,35706.77,0.67
NIFTY 50 Index,24286.5,24123.85,0.67
S&P BSE Sensex Total Return Index,123464.61,122622.82,0.69
NIFTY Next 50 Total Return Index,102996.73,101893.52,1.08
S&P BSE 100 Total Return Index,32708.62,32468.93,0.74
S&P BSE 200 Total Return Index,14282.65,14177.17,0.74
NIFTY 100 Total Return Index,34244.98,33992.23,0.74
,,,
Focused Funds,2024-07-03 00:00:00,2024-07-02 00:00:00,%Chg
360 ONE Focused Equity Fund - Regular Plan,47.6658,47.2876,0.8
Aditya Birla Sun Life Focused Fund - Regular Plan,134.6101,133.6996,0.68
Axis Focused Fund,52.38,52.07,0.6
Bandhan Focused Equity Fund - Regular Plan,80.865,80.225,0.8
Canara Robeco Focused Equity Fund - Regular Plan,18.41,18.32,0.49
DSP Focus Fund,52.113,51.598,1
Franklin India Focused Equity Fund,106.7804,106.2735,0.48
HDFC Focused 30 Fund,210.729,209.285,0.69
HSBC Focused Fund - Regular Plan,23.7271,23.6466,0.34
ICICI Prudential Focused Equity Fund,83.7,83.17,0.64
Invesco India Focused Fund - Regular Plan,26.41,26.26,0.57
Kotak Focused Equity Fund - Regular Plan,24.46,24.299,0.66
Mirae Asset Focused Fund - Regular Plan,24.008,23.814,0.81
Nippon India Focused Equity Fund,119.0964,118.2397,0.72
SBI Focused Equity Fund,328.7813,326.3901,0.73
Sundaram Focused Fund,160.2845,158.7063,0.99
Tata Focused Equity Fund - Regular Plan,23.5225,23.3436,0.77
UTI Focused Fund - Regular Plan,15.4298,15.3056,0.81
NIFTY 50 Total Return,35947.53,35706.77,0.67
NIFTY 50 Index,24286.5,24123.85,0.67
S&P BSE Sensex Total Return Index,123464.61,122622.82,0.69
NIFTY Next 50 Total Return Index,102996.73,101893.52,1.08
S&P BSE 100 Total Return Index,32708.62,32468.93,0.74
S&P BSE 200 Total Return Index,14282.65,14177.17,0.74
NIFTY 500 Total Return Index,35966.18,35693.16,0.76
,,,
Flexi Cap Funds,2024-07-03 00:00:00,2024-07-02 00:00:00,%Chg
Aditya Birla Sun Life Flexi Cap Fund - Regular Plan,1682.27,1669.15,0.79
Axis Flexi Cap Fund - Regular Plan,25.57,25.38,0.75
Bandhan Flexi Cap Fund - Regular Plan,201.531,200.011,0.76
Canara Robeco Flexi Cap Fund - Regular Plan,325.63,323.51,0.66
DSP Flexi Cap Fund,67.25,66.598,0.98
Franklin India Flexi Cap Fund,1577.3674,1570.2082,0.46
HDFC Flexi Cap Fund,1822.456,1808.637,0.76
HSBC Flexi Cap Fund,213.1145,211.579,0.73
ICICI Prudential Flexicap Fund,17.9,17.8,0.56
Kotak Flexicap Fund - Regular Plan,82.226,81.61,0.75
Mirae Asset Flexi Cap Fund - Regular Plan,14.97,14.898,0.48
Motilal Oswal Flexi Cap Fund - Regular Plan,56.1534,55.7985,0.64
Nippon India Flexi Cap Fund - Regular Plan,16.8054,16.6853,0.72
PGIM India Flexi Cap Fund - Regular Plan,34.65,34.39,0.76
SBI Flexicap Fund,107.8364,107.1723,0.62
Sundaram Flexi Cap Fund - Regular Plan,13.9745,13.8674,0.77
Tata Flexi Cap Fund - Regular Plan,22.9766,22.7507,0.99
UTI Flexi Cap Fund - Regular Plan,306.377,304.5609,0.6
S&P BSE 200 Total Return Index,14282.65,14177.17,0.74
NIFTY Next 50 Total Return Index,102996.73,101893.52,1.08
NIFTY Midcap 100 Total Return Index,75762.34,75172.04,0.79
S&P BSE AllCap Total Return Index,13474.83,13372.33,0.77
NIFTY 500 Total Return Index,35966.18,35693.16,0.76
,,,
Large & Mid Cap Funds,2024-07-03 00:00:00,2024-07-02 00:00:00,%Chg
Aditya Birla Sun Life Equity Advantage Fund - Regular Plan,897.09,891.48,0.63
Axis Growth Opportunities Fund - Regular Plan,31.28,31.08,0.64
Bandhan Core Equity Fund - Regular Plan,127.151,126.302,0.67
Canara Robeco Emerging Equities Fund - Regular Plan,246.96,245.45,0.62
DSP Equity Opportunities Fund,601.768,595.409,1.07
Edelweiss Large & Mid Cap Fund - Regular Plan,84.424,83.775,0.77
Franklin India Equity Advantage Fund,180.4787,179.6383,0.47
HDFC Large and Mid Cap Fund - Regular Plan,331.499,328.755,0.83
HSBC Large and Mid Cap Fund - Regular Plan,26.6336,26.3751,0.98
ICICI Prudential Large & Mid Cap Fund,929.74,924.36,0.58
Invesco India Large & Mid Cap Fund,89.18,88.59,0.67
Kotak Equity Opportunities Fund - Regular Plan,336.538,334.405,0.64
LIC MF Large & Mid Cap Fund - Regular Plan,38.7675,38.3973,0.96
Mirae Asset Large & Midcap Fund - Regular Plan,146.782,146.002,0.53
Motilal Oswal Large and Midcap Fund - Regular Plan,29.7817,29.6587,0.41
Nippon India Vision Fund,1402.761,1390.9608,0.85
SBI Large & Midcap Fund,589.5542,586.5023,0.52
Sundaram Large and Mid Cap Fund,83.6948,82.9724,0.87
Tata Large & Mid Cap Fund - Regular Plan,525.2349,520.8285,0.85
UTI Large & Mid Cap Fund - Regular Plan,171.2747,169.6752,0.94
S&P BSE 200 Total Return Index,14282.65,14177.17,0.74
NIFTY 50 Total Return,35947.53,35706.77,0.67
NIFTY Midcap 100 Total Return Index,75762.34,75172.04,0.79
S&P BSE 500 Total Return Index,45722.94,45374.55,0.77
NIFTY Large Midcap 250 Total Return Index,20432.92,20278.57,0.76
S&P BSE 250 Large MidCap Total Return Index,13361.73,13261.17,0.76
,,,
Multi Cap,2024-07-03 00:00:00,2024-07-02 00:00:00,%Chg
Aditya Birla Sun Life Multi-Cap Fund - Regular Plan,19.27,19.16,0.57
Axis Multicap Fund - Regular Plan,16.86,16.75,0.66
Bandhan Multi Cap Fund - Regular Plan,16.825,16.701,0.74
Baroda BNP Paribas Multi Cap Fund,282.1457,279.9554,0.78
HDFC Multi Cap Fund - Regular Plan,18.881,18.758,0.66
HSBC Multi Cap Fund - Regular Plan,18.4425,18.2823,0.88
ICICI Prudential Multicap Fund,760.27,756.09,0.55
Invesco India Multicap Fund,126.1,125.17,0.74
Kotak Multicap Fund - Regular Plan,18.684,18.507,0.96
Mahindra Manulife Multi Cap Fund - Regular Plan,35.0183,34.7411,0.8
Nippon India Multi Cap Fund,291.7361,289.3942,0.81
SBI Multicap Fund - Regular Plan,15.6227,15.5478,0.48
Sundaram Multi Cap Fund,370.4925,368.8226,0.45
Tata Multicap Fund - Regular Plan,14.7568,14.6205,0.93
Nifty 500 Multicap 50:25:25 Total Return Index,20600.3,20438.59,0.79
,,,
ESG Funds,2024-07-03 00:00:00,2024-07-02 00:00:00,%Chg
Aditya Birla Sun Life ESG Integration Strategy Fund - Regular Plan,16.93,16.82,0.65
Axis ESG Integration Strategy Fund - Regular Plan,20.93,20.81,0.58
ICICI Prudential ESG Exclusionary Strategy Fund,20.48,20.33,0.74
Invesco India ESG Integration Strategy Fund - Regular Plan,17.24,17.13,0.64
Kotak ESG Exclusionary Strategy Fund - Regular Plan,17.026,16.942,0.5
SBI ESG Exclusionary Strategy Fund,236.7969,234.987,0.77
NIFTY 100 ESG Total Return Index,5739.44,5695.17,0.78
,,,
ELSS Schemes,2024-07-03 00:00:00,2024-07-02 00:00:00,%Chg
Aditya Birla Sun Life ELSS Tax Saver - Regular Plan,205.38,204.59,0.39
Axis ELSS Tax Saver Fund,92.3811,91.784,0.65
Bandhan ELSS Tax Saver Fund - Regular Plan,151.938,151.023,0.61
Canara Robeco ELSS Tax Saver Fund - Regular Plan,50.53,50.27,0.52
DSP ELSS Tax Saver Fund,133.763,132.365,1.06
Franklin India ELSS Tax Saver Fund,1430.4538,1423.4883,0.49
HDFC ELSS Tax Saver Fund,1322.499,1311.704,0.82
HSBC ELSS Tax Saver Fund,130.7181,129.638,0.83
ICICI Prudential ELSS Tax Saver,870.6,864.99,0.65
Invesco India ELSS Tax Saver Fund,122.96,122.06,0.74
Kotak ELSS Tax Saver - Regular Plan,117.644,116.595,0.9
Mirae Asset ELSS Tax Saver Fund - Regular Plan,46.584,46.28,0.66
Motilal Oswal ELSS Tax Saver Fund - Regular Plan,48.5212,48.3228,0.41
Nippon India ELSS Tax Saver Fund,127.1669,126.2175,0.75
Parag Parikh ELSS Tax Saver Fund - Regular Plan,29.2163,28.9225,1.02
SBI Long Term Equity Fund - Regular Plan,427.5571,423.9932,0.84
Sundaram ELSS Tax Saver Fund,491.6676,488.4944,0.65
Tata ELSS Tax Saver Fund,101.4551,100.4384,1.01
UTI ELSS Tax Saver Fund,204.9,203.3412,0.77
S&P BSE 200 Total Return Index,14282.65,14177.17,0.74
S&P BSE 200 Index,11238.43,11155.43,0.74
S&P BSE Sensex Total Return Index,123464.61,122622.82,0.69
S&P BSE Sensex Index,79986.8,79441.45,0.69
NIFTY 50 Total Return,35947.53,35706.77,0.67
NIFTY 500 Total Return Index,35966.18,35693.16,0.76
,,,
Midcap Funds,2024-07-03 00:00:00,2024-07-02 00:00:00,%Chg
Aditya Birla Sun Life Mid Cap Fund - Regular Plan,761.17,757.12,0.53
Axis Midcap Fund,110.13,109.29,0.77
Baroda BNP Paribas Midcap Fund,101.266,100.4311,0.83
Canara Robeco Mid Cap Fund - Regular Plan,16.61,16.45,0.97
DSP Midcap Fund - Regular Plan,143.946,142.902,0.73
Edelweiss Mid Cap Fund - Regular Plan,94.469,93.561,0.97
Franklin India Prima Fund,2642.1827,2623.2742,0.72
HDFC Mid-Cap Opportunities Fund,182.582,180.915,0.92
HSBC Midcap Fund,376.9801,373.2908,0.99
ICICI Prudential Midcap Fund,290.49,288.81,0.58
Invesco India Mid Cap Fund,155.65,154.86,0.51
Kotak Emerging Equity Fund - Regular Plan,129.536,128.073,1.14
Mahindra Manulife Mid Cap Fund - Regular Plan,33.2699,32.9438,0.99
Mirae Asset Midcap Fund - Regular Plan,35.081,34.942,0.4
Motilal Oswal Midcap Fund - Regular Plan,96.3037,95.5785,0.76
Nippon India Growth Fund,3925.8931,3899.2702,0.68
PGIM India Midcap Opportunities Fund - Regular Plan,62.94,62.52,0.67
SBI Magnum Midcap Fund,234.7759,233.5705,0.52
Sundaram Mid Cap Fund - Regular Plan,1294.9842,1286.4317,0.66
Tata Midcap Growth Fund - Regular Plan,439.8716,435.9772,0.89
UTI Mid Cap Fund - Regular Plan,300.6553,298.4449,0.74
NIFTY Midcap 100 Total Return Index,75762.34,75172.04,0.79
NIFTY Midcap 100 Index,56293.3,55854.7,0.79
NIFTY Smallcap 100 Total Return Index,23899.46,23653.6,1.04
S&P BSE Mid Cap Total Return Index,58931.78,58428.61,0.86
NIFTY Midcap 150 Total Return Index,26573.14,26367.76,0.78
,,,
Small Cap Funds,2024-07-03 00:00:00,2024-07-02 00:00:00,%Chg
Aditya Birla Sun Life Small Cap Fund - Regular Plan,88.4293,88.0333,0.45
Axis Small Cap Fund - Regular Plan,101.91,101.6,0.31
Bandhan Small Cap Fund - Regular Plan,42.211,41.891,0.76
Canara Robeco Small Cap Fund - Regular Plan,39.79,39.6,0.48
DSP Small Cap Fund - Regular Plan,188.334,187.75,0.31
Edelweiss Small Cap Fund - Regular Plan,43.304,43.051,0.59
Franklin India Smaller Companies Fund,182.5996,181.9441,0.36
HDFC Small Cap Fund - Regular Plan,135.349,134.437,0.68
HSBC Small Cap Fund,86.3023,85.9956,0.36
ICICI Prudential Smallcap Fund,89.51,88.99,0.58
Invesco India Smallcap Fund - Regular Plan,38.89,38.63,0.67
Kotak Small Cap Fund - Regular Plan,269.434,267.632,0.67
Mahindra Manulife Small Cap Fund - Regular Plan,19.7587,19.6475,0.57
Nippon India Small Cap Fund,174.5421,172.8804,0.96
PGIM India Small Cap Fund - Regular Plan,15.45,15.43,0.13
SBI Small Cap Fund,178.9445,176.9086,1.15
Sundaram Small Cap Fund - Regular Plan,252.1672,251.555,0.24
Tata Small Cap Fund - Regular Plan,40.0127,39.6974,0.79
Union Small Cap Fund - Regular Plan,48.35,48.08,0.56
UTI Small Cap Fund - Regular Plan,24.8995,24.7997,0.4
NIFTY Smallcap 100 Total Return Index,23899.46,23653.6,1.04
NIFTY Smallcap 100 Index,18700.55,18509.05,1.03
NIFTY Midcap 100 Total Return Index,75762.34,75172.04,0.79
S&P BSE 500 Total Return Index,45722.94,45374.55,0.77
S&P BSE 250 SmallCap Total Return Index,8690.42,8616.73,0.86
,,,
Value Funds,2024-07-03 00:00:00,2024-07-02 00:00:00,%Chg
Aditya Birla Sun Life Pure Value Fund - Regular Plan,125.9435,125.0557,0.71
Bandhan Sterling Value Fund - Regular Plan,148.825,147.768,0.72
Canara Robeco Value Fund - Regular Plan,17.93,17.8,0.73
HDFC Capital Builder Value Fund,709.957,705.058,0.69
HSBC Value Fund,108.5059,107.8103,0.65
ICICI Prudential Value Discovery Fund,431.72,429.34,0.55
Nippon India Value Fund,219.7336,218.2351,0.69
Quantum Long Term Equity Value Fund - Regular Plan,122.14,121.35,0.65
Tata Equity PE Fund - Regular Plan,358.1765,354.1377,1.14
Templeton India Value Fund,735.8129,730.4008,0.74
UTI Value Fund - Regular Plan,161.5769,160.1194,0.91
S&P BSE Enhanced Value Total Return Index,1672.79,1657.09,0.95
S&P BSE Enhanced Value Index,984.77,975.53,0.95
NIFTY 50 Total Return,35947.53,35706.77,0.67
NIFTY Midcap 100 Total Return Index,75762.34,75172.04,0.79
S&P BSE 200 Total Return Index,14282.65,14177.17,0.74
S&P BSE 500 Total Return Index,45722.94,45374.55,0.77
NIFTY 500 Total Return Index,35966.18,35693.16,0.76
,,,
Sector-MNC Schemes,2024-07-03 00:00:00,2024-07-02 00:00:00,%Chg
Aditya Birla Sun Life MNC Fund - Regular Plan,1394.01,1392.18,0.13
ICICI Prudential MNC Fund,28.35,28.15,0.71
SBI Magnum Global Fund,371.1395,369.9692,0.32
UTI MNC Fund - Regular Plan,404.0833,403.1357,0.24
NIFTY MNC Total Return Index,47402.07,47147.74,0.54
NIFTY MNC Index,30661.35,30496.85,0.54
NIFTY 50 Total Return,35947.53,35706.77,0.67
S&P BSE 200 Total Return Index,14282.65,14177.17,0.74
,,,
Gennext,2024-07-03 00:00:00,2024-07-02 00:00:00,%Chg
Aditya Birla Sun Life India GenNext Fund - Regular Plan,207.24,206.15,0.53
Baroda BNP Paribas India Consumption Fund - Regular Plan,30.5676,30.4446,0.4
Canara Robeco Consumer Trends Fund - Regular Plan,105.67,105.1,0.54
ICICI Prudential Bharat Consumption Fund,24.3,24.19,0.45
Mirae Asset Great Consumer Fund - Regular Plan,90.197,89.966,0.26
Nippon India Consumption Fund,195.8146,194.4209,0.72
Sundaram Consumption Fund - Regular Plan,91.4978,91.2524,0.27
Tata India Consumer Fund - Regular Plan,41.9104,41.7074,0.49
UTI India Consumer Fund - Regular Plan,56.8093,56.631,0.31
S&P BSE 500 Total Return Index,45722.94,45374.55,0.77
S&P BSE 500 Index,36096.07,35821.13,0.77
S&P BSE 200 Total Return Index,14282.65,14177.17,0.74
NIFTY India Consumption Total Return Index,13926.26,13854.68,0.52
,,,
Banking & Financial Services,2024-07-03 00:00:00,2024-07-02 00:00:00,%Chg
Aditya Birla Sun Life Banking & Financial Services Fund - Regular Plan,56.94,56.34,1.06
HDFC Banking & Financial Services Fund - Regular Plan,15.923,15.72,1.29
ICICI Prudential Banking and Financial Services Fund,121.08,119.45,1.36
Invesco India Financial Services Fund,122.7,121.37,1.1
Kotak Banking & Financial Services Fund - Regular Plan,14.329,14.106,1.58
Mirae Asset Banking and Financial Services Fund - Regular Plan,18.962,18.718,1.3
Nippon India Banking & Financial Services Fund,571.5951,563.8512,1.37
SBI Banking & Financial Services Fund - Regular Plan,37.8108,37.1668,1.73
Sundaram Financial Services Opportunities Fund - Regular Plan,100.1177,98.9481,1.18
Tata Banking and Financial Services Fund - Regular Plan,39.0415,38.4908,1.43
UTI Banking and Financial Services Fund - Regular Plan,173.2264,171.0026,1.3
NIFTY Financial Services Total Return Index,29965.53,29435.83,1.8
NIFTY Financial Services Index,23923.75,23500.85,1.8
NIFTY Bank,53089.25,52168.1,1.77
NIFTY Bank Total Return Index,73270.32,71999.01,1.77
,,,
Digital Funds,2024-07-03 00:00:00,2024-07-02 00:00:00,%Chg
Aditya Birla Sun Life Digital India Fund - Regular Plan,166.75,166.68,0.04
Franklin India Technology Fund,502.0876,501.8201,0.05
ICICI Prudential Technology Fund,187.86,187.39,0.25
SBI Technology Opportunities Fund,115.9864,115.9638,0.02
Tata Digital India Fund - Regular Plan,46.3722,46.3687,0.01
S&P BSE Teck Total Return Index,23067.19,23029.18,0.17
S&P BSE Teck Index,17519.19,17490.33,0.17
,,,
Dividend Yield Fund,2024-07-03 00:00:00,2024-07-02 00:00:00,%Chg
Aditya Birla Sun Life Dividend Yield Fund - Regular Plan,453.15,449.57,0.8
HDFC Dividend Yield Fund - Regular Plan,25.065,24.883,0.73
ICICI Prudential Dividend Yield Equity Fund,49.57,49.24,0.67
LIC MF Dividend Yield Fund - Regular Plan,30.0884,29.8231,0.89
SBI Dividend Yield Fund - Regular Plan,15.316,15.2409,0.49
Sundaram Dividend Yield Fund,137.5008,136.3856,0.82
Tata Dividend Yield Fund - Regular Plan,18.4512,18.2609,1.04
Templeton India Equity Income Fund,138.89,137.7361,0.84
UTI Dividend Yield Fund - Regular Plan,171.1963,169.6873,0.89
NIFTY Dividend Opportunities 50 Total Return Index,9614.19,9536.67,0.81
NIFTY Dividend Opportunities 50 Index,6326.2,6275.2,0.81
NIFTY 50 Total Return,35947.53,35706.77,0.67
S&P BSE 200 Total Return Index,14282.65,14177.17,0.74
S&P BSE 500 Total Return Index,45722.94,45374.55,0.77
NIFTY 500 Total Return Index,35966.18,35693.16,0.76
,,,
PSU Funds,2024-07-03 00:00:00,2024-07-02 00:00:00,%Chg
Aditya Birla Sun Life PSU Equity Fund - Regular Plan,35.64,35.25,1.11
ICICI Prudential PSU Equity Fund,21.21,21.02,0.9
Invesco India PSU Equity Fund,68.16,67.09,1.59
SBI PSU Fund,33.1138,32.7573,1.09
S&P BSE PSU Total Return Index,35264.36,34683.84,1.67
S&P BSE PSU Index,21476.81,21123.26,1.67
NIFTY PSE Index,10888.05,10714.65,1.62
NIFTY PSE Total Return Index,18826.3,18526.43,1.62
,,,
Make in India,2024-07-03 00:00:00,2024-07-02 00:00:00,%Chg
Aditya Birla Sun Life Manufacturing Equity Fund - Regular Plan,32.23,31.97,0.81
Axis India Manufacturing Fund - Regular Plan,14.11,14.02,0.64
ICICI Prudential Manufacturing Fund,36.06,35.86,0.56
Kotak Manufacture in India Fund - Regular Plan,19.045,18.928,0.62
S&P BSE 500 Total Return Index,45722.94,45374.55,0.77
S&P BSE 500 Index,36096.07,35821.13,0.77
S&P BSE India Manufacturing Index,1061.21,1057.23,0.38
S&P BSE India Manufacturing Total Return Index,1429.23,1423.86,0.38
,,,
Special Opportunities,2024-07-03 00:00:00,2024-07-02 00:00:00,%Chg
Aditya Birla Sun Life Special Opportunities Fund - Regular Plan,23.19,23.03,0.69
Axis Innovation Fund - Regular Plan,17.9,17.81,0.51
Franklin India Opportunities Fund,245.7945,245.0851,0.29
ICICI Prudential India Opportunities Fund,32.66,32.43,0.71
S&P BSE 500 Total Return Index,45722.94,45374.55,0.77
,,,
Pharma & Healthcare Fund,2024-07-03 00:00:00,2024-07-02 00:00:00,%Chg
Aditya Birla Sun Life Pharma & Healthcare Fund - Regular Plan,27.31,27.15,0.59
DSP Healthcare Fund - Regular Plan,33.966,33.846,0.35
ICICI Prudential Pharma Healthcare and Diagnostics (P.H.D) Fund,32.61,32.35,0.8
Mirae Asset Healthcare Fund - Regular Plan,32.966,32.639,1
Nippon India Pharma Fund,448.8478,446.8356,0.45
SBI Healthcare Opportunities Fund,359.7832,356.8291,0.83
Tata India Pharma & Healthcare Fund - Regular Plan,26.5238,26.304,0.84
UTI Healthcare Fund - Regular Plan,237.9332,236.4871,0.61
S&P BSE Healthcare Total Return Index,43032.06,42722.03,0.73
,,,
Infrastructure Funds,2024-07-03 00:00:00,2024-07-02 00:00:00,%Chg
Aditya Birla Sun Life Infrastructure Fund - Regular Plan,99.45,98.68,0.78
Bandhan Infrastructure Fund - Regular Plan,55.735,55.179,1.01
DSP India T.I.G.E.R. Fund - Regular Plan,337.159,334.352,0.84
Franklin Build India Fund,144.3837,143.9932,0.27
HDFC Infrastructure Fund,49.046,48.465,1.2
HSBC Infrastructure Fund,51.4631,51.0172,0.87
ICICI Prudential Infrastructure Fund,192.18,190.95,0.64
Invesco India Infrastructure Fund,68.38,67.58,1.18
Kotak Infrastructure and Economic Reform Fund - Standard Plan,71.666,71.06,0.85
Nippon India Power & Infra Fund,374.3519,372.5614,0.48
SBI Infrastructure Fund,53.0359,52.895,0.27
Sundaram Infrastructure Advantage Fund - Regular Plan,97.8142,96.9506,0.89
Tata Infrastructure Fund - Regular Plan,201.803,199.6329,1.09
UTI Infrastructure Fund - Regular Plan,147.8924,147.2628,0.43
NIFTY Infrastructure Total Return Index,11829.07,11824.46,0.04
NIFTY Infrastructure Index,9141.65,9138.1,0.04
NIFTY 50 Total Return,35947.53,35706.77,0.67
S&P BSE 500 Total Return Index,45722.94,45374.55,0.77
,,,
Equity Savings,2024-07-03 00:00:00,2024-07-02 00:00:00,%Chg
Aditya Birla Sun Life Equity Savings Fund - Direct Plan,22.54,22.5,0.18
Bandhan Equity Savings Fund - Direct Plan,32.364,32.307,0.18
Franklin India Equity Savings Fund - Direct Plan,16.6752,16.6494,0.15
ICICI Prudential Equity Savings Fund - Direct Plan,22.26,22.23,0.13
Nippon India Equity Savings Fund - Direct Plan,16.6337,16.5985,0.21
PGIM India Equity Savings Fund - Direct Plan,52.1531,52.0744,0.15
CRISIL Short-Term Bond Total Return Index,-,4674.86,-
NIFTY Equity Savings Total Return Index,5869.63,5854.24,0.26
,,,
Resurgent Series,2024-07-03 00:00:00,2024-07-02 00:00:00,%Chg
S&P BSE 200 Total Return Index,14282.65,14177.17,0.74
S&P BSE 200 Index,11238.43,11155.43,0.74
NIFTY 200 Index,13737.6,13635.3,0.75
NIFTY 200 Total Return Index,18068.67,17934.12,0.75
,,,
Conservative Hybrid,2024-07-03 00:00:00,2024-07-02 00:00:00,%Chg
Aditya Birla Sun Life Regular Savings Fund - Direct Plan,68.1184,67.9764,0.21
Axis Regular Saver Fund - Direct Plan,32.4682,32.4046,0.2
Baroda BNP Paribas Conservative Hybrid Fund - Direct Plan,50.6219,50.5052,0.23
Canara Robeco Conservative Hybrid Fund - Direct Plan,102.4209,102.2861,0.13
Franklin India Debt Hybrid Fund - Direct Plan,92.0004,91.8673,0.14
HDFC Hybrid Debt Fund - Direct Plan,81.7258,81.519,0.25
ICICI Prudential Regular Savings Fund - Direct Plan,75.9948,75.8372,0.21
Kotak Debt Hybrid Fund - Direct Plan,62.6587,62.4983,0.26
Nippon India Hybrid Bond Fund - Direct Plan,58.3941,58.3313,0.11
Parag Parikh Conservative Hybrid Fund - Direct Plan,13.9296,13.9052,0.18
SBI Conservative Hybrid Fund - Direct Plan,74.0723,73.9036,0.23
UTI Conservative Hybrid Fund - Direct Plan,69.3135,69.1316,0.26
CRISIL Hybrid 85+15 Conservative Index,-,6668.46,-
,,,
Pure International Plan,2024-07-03 00:00:00,2024-07-02 00:00:00,%Chg
Aditya Birla Sun Life International Equity Fund - Regular Plan,32.6332,32.3985,0.72
Kotak Global Emerging Market - Regular Plan,22.636,22.335,1.35
PGIM India Emerging Markets Equity Fund,14.68,14.45,1.59
Sundaram Global Brand Fund,30.7561,30.7561,0
NIFTY 50 Index,24286.5,24123.85,0.67
NIFTY 50 Total Return,35947.53,35706.77,0.67
S&P BSE Sensex Total Return Index,123464.61,122622.82,0.69
S&P Global 1200 Total Return Index,-,-,-
,,,
Arbitrage Funds,2024-07-03 00:00:00,2024-07-02 00:00:00,%Chg
Aditya Birla Sun Life Arbitrage Fund - Regular Plan,24.8563,24.8453,0.04
Axis Arbitrage Fund - Regular Plan,17.5063,17.4987,0.04
Bandhan Arbitrage Fund - Regular Plan,30.3792,30.3693,0.03
DSP Arbitrage Fund - Regular Plan,13.999,13.994,0.04
Edelweiss Arbitrage Fund - Regular Plan,18.1392,18.133,0.03
HDFC Arbitrage Fund - Wholesale Plan,28.668,28.658,0.03
HSBC Arbitrage Fund - Regular Plan,17.8047,17.7997,0.03
ICICI Prudential Equity Arbitrage Fund,32.0752,32.0649,0.03
Invesco India Arbitrage Fund,29.8506,29.8466,0.01
Kotak Equity Arbitrage Fund - Regular Plan,35.041,35.0326,0.02
Nippon India Arbitrage Fund,24.8878,24.8797,0.03
SBI Arbitrage Opportunities Fund,31.6222,31.6135,0.03
Tata Arbitrage Fund - Regular Plan,13.444,13.4419,0.02
UTI Arbitrage Fund - Regular Plan,32.7466,32.7334,0.04
NIFTY 50 Arbitrage Total Return Index ,2347.16,2346.02,0.05
,,,
Banking ETF,2024-07-03 00:00:00,2024-07-02 00:00:00,%Chg
Aditya Birla Sun Life Nifty Bank ETF,53.7922,52.8639,1.76
DSP Nifty Bank ETF,53.7303,52.8014,1.76
HDFC NIFTY Bank ETF,54.025,53.0922,1.76
ICICI Prudential Nifty Bank ETF,53.8638,52.9339,1.76
Kotak Nifty Bank ETF,544.7266,535.3227,1.76
Nippon India ETF Nifty Bank BeES,543.8056,534.4192,1.76
SBI Nifty Bank ETF,539.2354,529.9262,1.76
UTI Nifty Bank ETF,54.2411,53.3046,1.76
NIFTY Bank Total Return Index,73270.32,71999.01,1.77
,,,
Index Funds,2024-07-03 00:00:00,2024-07-02 00:00:00,%Chg
Aditya Birla Sun Life Nifty 50 ETF,27.782,27.5966,0.67
Aditya Birla Sun Life Nifty 50 Index Fund - Regular Plan,243.7141,242.09,0.67
Bandhan Nifty 50 Index Fund - Regular Plan,51.9826,51.6366,0.67
Franklin India NSE Nifty 50 Index,194.2569,192.9697,0.67
HDFC Index Fund Nifty 50 Plan,228.191,226.668,0.67
ICICI Prudential Nifty 50 ETF,268.6215,266.8276,0.67
ICICI Prudential Nifty 50 Index Fund,242.0953,240.4831,0.67
Kotak Nifty 50 ETF,263.0121,261.2559,0.67
Nippon India ETF Nifty 50 BeES,270.061,268.2578,0.67
Nippon India Index Fund - Nifty 50 Plan,40.8534,40.5812,0.67
SBI Nifty Index Fund,212.8289,211.407,0.67
UTI Nifty 50 Index Fund - Regular Plan,165.1442,164.0435,0.67
NIFTY 50 Index,24286.5,24123.85,0.67
NIFTY 50 Total Return,35947.53,35706.77,0.67
S&P BSE Sensex Total Return Index,123464.61,122622.82,0.69
,,,
FoFs-Moderate Plans,2024-07-03 00:00:00,2024-07-02 00:00:00,%Chg
Aditya Birla Sun Life Financial Planning FoF - Moderate Plan - Regular Plan,39.5529,39.3595,0.49
Bandhan Asset Allocation Fund - Moderate Plan - Regular Plan,38.0746,37.9428,0.35
HSBC Managed Solutions India - Moderate - Regular Plan,33.7652,33.6091,0.46
ICICI Prudential Asset Allocator (FOF) Fund,-,109.4391,-
NIFTY 50 Index,24286.5,24123.85,0.67
NIFTY 50 Total Return,35947.53,35706.77,0.67
S&P BSE Sensex Total Return Index,123464.61,122622.82,0.69
CRISIL Hybrid 50+50 Moderate Index,-,14602.22,-
,,,
Commodity Funds,2024-07-03 00:00:00,2024-07-02 00:00:00,%Chg
Aditya Birla Sun Life Global Emerging Opportunities Fund - Regular Plan,-,24.5886,-
DSP World Energy Fund - Regular Plan,17.8184,17.5384,1.6
DSP World Gold FoF - Regular Plan,19.3847,18.947,2.31
S&P Global Agribusiness Total Return Index,-,-,-
S&P Global 1200 Total Return Index,-,-,-
,,,
Dynamic Allocation Funds,2024-07-03 00:00:00,2024-07-02 00:00:00,%Chg
Aditya Birla Sun Life Asset Allocator FoF - Direct Plan,32.5627,32.3742,0.58
Aditya Birla Sun Life Balanced Advantage Fund - Direct Plan,110.84,110.4,0.4
Axis Balanced Advantage Fund - Direct Plan,21.61,21.51,0.46
Bandhan Asset Allocation Fund - Moderate Plan - Direct Plan,40.5032,40.3623,0.35
Bandhan Balanced Advantage Fund - Direct Plan,26.15,26.054,0.37
Baroda BNP Paribas Balanced Advantage Fund - Direct Plan,24.6947,24.5886,0.43
DSP Dynamic Asset Allocation Fund - Direct Plan,29.044,28.948,0.33
Edelweiss Balanced Advantage Fund - Direct Plan,55.21,54.94,0.49
Franklin India Balanced Advantage Fund - Direct Plan,14.0368,14.0081,0.2
Franklin India Dynamic Asset Allocation Fund of Funds - Direct Plan,173.6726,173.2875,0.22
HDFC Asset Allocator FoF - Direct Plan,17.25,17.17,0.47
HDFC Balanced Advantage Fund - Direct Plan,534.765,531.409,0.63
HSBC Balanced Advantage Fund - Direct Plan,47.0169,46.916,0.22
ICICI Prudential Asset Allocator Fund (FOF) - Direct Plan,-,119.6147,-
ICICI Prudential Balanced Advantage Fund - Direct Plan,75.01,74.82,0.25
Kotak Balanced Advantage Fund - Direct Plan,20.768,20.673,0.46
Kotak Multi Asset Allocator FoF -  Dynamic - Direct Plan,232.527,231.057,0.64
LIC MF Balanced Advantage Fund - Direct Plan,13.5602,13.4916,0.51
Mirae Asset Balanced Advantage Fund - Direct Plan,13.64,13.577,0.46
Nippon India Asset Allocator FoF - Direct Plan,20.138,20.0123,0.63
Nippon India Balanced Advantage Fund - Direct Plan,187.2922,186.3295,0.52
NJ Balanced Advantage Fund - Direct Plan,14.22,14.14,0.57
PGIM India Balanced Advantage Fund - Direct Plan,15.56,15.49,0.45
Quantum Multi Asset Fund of Funds - Direct Plan,31.4457,31.3338,0.36
SBI Balanced Advantage Fund - Direct Plan,14.9145,14.8891,0.17
Tata Balanced Advantage Fund - Direct Plan,21.7268,21.6459,0.37
Union Balanced Advantage Fund - Direct Plan,20.79,20.69,0.48
CRISIL Hybrid 50+50 Moderate Index,-,14602.22,-
,,,
Asset Allocator Funds,2024-07-03 00:00:00,2024-07-02 00:00:00,%Chg
Aditya Birla Sun Life Asset Allocator FoF - Regular Plan,62.3491,61.9899,0.58
Bandhan Asset Allocation Fund - Aggressive Plan - Regular Plan,43.38,43.188,0.44
Bandhan Asset Allocation Fund - Conservative Plan - Regular Plan,31.3351,31.281,0.17
Bandhan Asset Allocation Fund - Moderate Plan - Regular Plan,38.0746,37.9428,0.35
Franklin India Dynamic Asset Allocation Fund of Funds,155.1003,154.7603,0.22
Franklin India Multi Asset Solution Fund of Funds,18.5547,18.5075,0.26
HDFC Asset Allocator FoF - Regular Plan,16.61,16.53,0.48
ICICI Prudential Asset Allocator (FOF) Fund,-,109.4391,-
Kotak Multi Asset Allocator FoF -  Dynamic Regular Plan,217.595,216.223,0.63
Motilal Oswal Asset Allocation Passive FoF - Aggressive - Regular Plan,16.1042,16.0043,0.62
Motilal Oswal Asset Allocation Passive FoF - Conservative - Regular Plan,14.3161,14.2408,0.53
Nippon India Asset Allocator FoF - Regular Plan,19.4529,19.332,0.63
CRISIL Hybrid 50+50 Moderate Index,-,14602.22,-
,,,
Financial Planning Funds,2024-07-03 00:00:00,2024-07-02 00:00:00,%Chg
Aditya Birla Sun Life Financial Planning FoF - Aggressive Plan - Regular Plan,50.7867,50.4611,0.65
Aditya Birla Sun Life Financial Planning FoF - Conservative Plan - Regular Plan,31.7618,31.6509,0.35
Aditya Birla Sun Life Financial Planning FoF - Moderate Plan - Regular Plan,39.5529,39.3595,0.49
,,,
International Funds,2024-07-03 00:00:00,2024-07-02 00:00:00,%Chg
Aditya Birla Sun Life Global Emerging Opportunities Fund - Regular Plan,-,24.5886,-
Aditya Birla Sun Life Global Excellence Equity FoF - Retail Plan,-,31.8723,-
DSP World Energy Fund - Regular Plan,17.8184,17.5384,1.6
DSP World Mining Fund - Regular Plan,16.4476,16.0811,2.28
Edelweiss Emerging Markets Opportunities Equity Offshore Fund - Regular Plan,15.3958,15.2635,0.87
Franklin India Feeder - Templeton European Opportunities Fund,10.4581,10.2799,1.73
Franklin India Feeder Franklin US Opportunities Fund,68.284,67.8825,0.59
HSBC Brazil Fund,6.6041,6.4326,2.67
HSBC Global Emerging Markets Fund,18.8599,18.6625,1.06
Kotak Global Emerging Market - Regular Plan,22.636,22.335,1.35
PGIM India Emerging Markets Equity Fund,14.68,14.45,1.59
PGIM India Global Equity Opportunities Fund,42.6,42.23,0.88
S&P Global 1200 Total Return Index,-,-,-
MSCI All Country World Index,-,-,-
Nasdaq 100 Total Return Index,-,-,-
Nasdaq 100 Index,-,-,-
,,,
Gold FoF,2024-07-03 00:00:00,2024-07-02 00:00:00,%Chg
Aditya Birla Sun Life Gold Fund - Regular Plan,21.425,21.3156,0.51
Axis Gold Fund,21.6424,21.536,0.49
Edelweiss Gold and Silver ETF FoF - Regular Plan,14.665,14.517,1.02
HDFC Gold Fund,22.0948,22.0109,0.38
ICICI Prudential Regular Gold Savings Fund (FOF),22.8999,22.7222,0.78
Invesco India Gold ETF FoF,21.0386,20.8777,0.77
Kotak Gold Fund - Regular Plan,28.4795,28.2909,0.67
LIC MF Gold ETF FoF,19.1754,19.1072,0.36
Motilal Oswal Gold and Silver ETFs FoF - Regular Plan,14.2389,14.0869,1.08
Nippon India Gold Savings Fund,28.3042,28.1423,0.58
Quantum Gold Savings - Regular Plan,27.8678,27.7257,0.51
SBI Gold Fund,21.6036,21.511,0.43
UTI Gold ETF FoF - Regular Plan,14.0371,13.9238,0.81
Domestic Price of Gold,-,7144.7,-
,,,
Liquid Funds,2024-07-03 00:00:00,2024-07-02 00:00:00,%Chg
Aditya Birla Sun Life Liquid Fund - Direct Plan,397.1499,397.0663,0.02
Axis Liquid Fund - Direct Plan,2734.6507,2734.1131,0.02
Bandhan Liquid Fund - Direct Plan,2972.4505,2971.8711,0.02
Baroda BNP Paribas Liquid Fund - Direct Plan,2837.2993,2836.742,0.02
DSP Liquidity Fund - Direct Plan,3516.795,3516.0505,0.02
Edelweiss Liquid Fund - Direct Plan,3178.3584,3177.6992,0.02
HDFC Liquid Fund - Direct Plan,4833.261,4832.2179,0.02
HSBC Liquid Fund - Direct Plan,2451.5278,2451.0196,0.02
ICICI Prudential Liquid Fund - Direct Plan,364.2259,364.1519,0.02
Invesco India Liquid Fund - Direct Plan,3377.4099,3376.7122,0.02
Kotak Liquid - Direct Plan,4971.4341,4970.4078,0.02
LIC MF Liquid Fund - Direct Plan,4468.6722,4467.8012,0.02
Mirae Asset Liquid Fund - Direct Plan,2598.7002,2598.1573,0.02
Nippon India Liquid Fund - Direct Plan,6021.4701,6020.2566,0.02
SBI Liquid Fund - Direct Plan,3850.3781,3849.5638,0.02
Tata Liquid Fund - Direct Plan,3882.3551,3881.5475,0.02
UTI Liquid Fund - Direct Plan,4033.163,4032.335,0.02
CRISIL Liquid Fund Total Return Index,-,4100.76,-
CRISIL Liquid Fund BI Index,-,4075.48,-
,,,
Corporate Bond Funds,2024-07-03 00:00:00,2024-07-02 00:00:00,%Chg
Aditya Birla Sun Life Corporate Bond Fund - Direct Plan,105.2671,105.2249,0.04
Axis Corporate Debt Fund - Direct Plan,16.4811,16.4752,0.04
Bandhan Corporate Bond Fund - Direct Plan,18.1477,18.1391,0.05
HDFC Corporate Bond Fund - Direct Plan,30.478,30.4723,0.02
HSBC Corporate Bond Fund - Direct Plan,71.2215,71.2069,0.02
ICICI Prudential Corporate Bond Fund - Direct Plan,28.6975,28.6873,0.04
Invesco India Corporate Bond Fund - Direct Plan,3115.7961,3114.9851,0.03
Kotak Corporate Bond Fund - Standard Plan - Direct Plan,3602.3744,3601.4839,0.02
SBI Corporate Bond Fund - Direct Plan,14.6102,14.6055,0.03
UTI Corporate Bond Fund - Direct Plan,15.3439,15.3396,0.03
NIFTY Corporate Bond Total Return Index,5800.04,5799.18,0.01
NIFTY Corporate Bond Index B-II,5780.14,5778.61,0.03
,,,
Short Duration,2024-07-03 00:00:00,2024-07-02 00:00:00,%Chg
Aditya Birla Sun Life Short Term Fund - Direct Plan,47.101,47.0832,0.04
Axis Short Term Fund - Direct Plan,30.8035,30.791,0.04
Bandhan Bond Fund Short Term Plan - Direct Plan,56.0084,55.9743,0.06
DSP Short Term Fund - Direct Plan,46.3694,46.3526,0.04
HDFC Short Term Debt Fund - Direct Plan,30.2756,30.2674,0.03
HSBC Short Duration Fund - Direct Plan,25.6995,25.6884,0.04
ICICI Prudential Short Term Fund - Direct Plan,60.0977,60.0723,0.04
Kotak Bond - Short Term Fund - Direct Plan,52.5163,52.501,0.03
Nippon India Short Term Fund - Direct Plan,52.365,52.3516,0.03
SBI Short Term Debt Fund - Direct Plan,31.2526,31.2418,0.03
Tata Short Term Bond Fund - Direct Plan,48.6391,48.6275,0.02
UTI Short Duration Fund - Direct Plan,30.9651,30.9637,0
CRISIL Short-Term Bond Total Return Index,-,4674.86,-
NIFTY Short Duration Debt Index B-II,5440.14,5438.77,0.03
,,,
Dynamic Bond Funds,2024-07-03 00:00:00,2024-07-02 00:00:00,%Chg
360 ONE Dynamic Bond Fund - Direct Plan,21.6261,21.6142,0.06
Aditya Birla Sun Life Dynamic Bond Fund - Direct Plan,45.2906,45.2568,0.07
Axis Dynamic Bond Fund - Direct Plan,29.7615,29.7468,0.05
Bandhan Dynamic Bond Fund - Direct Plan,35.1914,35.1589,0.09
DSP Strategic Bond Fund - Direct Plan,3315.5191,3312.8209,0.08
HDFC Dynamic Debt Fund - Direct Plan,90.9873,90.9208,0.07
ICICI Prudential All Seasons Bond Fund - Direct Plan,36.383,36.3643,0.05
Kotak Dynamic Bond Fund - Direct Plan,37.4887,37.4584,0.08
Mirae Asset Dynamic Bond Fund - Direct Plan,16.2561,16.2504,0.04
Nippon India Dynamic Bond Fund - Direct Plan,36.3906,36.4306,-0.11
SBI Dynamic Bond Fund - Direct Plan,35.8895,35.8634,0.07
UTI Dynamic Bond Fund - Direct Plan,30.7381,30.7193,0.06
NIFTY Composite Debt Total Return Index,5499.99,5498.11,0.03
NIFTY Composite Debt Index B-III,5860.97,5859.19,0.03
,,,
Credit Risk Fund,2024-07-03 00:00:00,2024-07-02 00:00:00,%Chg
Aditya Birla Sun Life Credit Risk Fund - Direct Plan,20.8438,20.8343,0.05
Axis Credit Risk Fund - Direct Plan,21.845,21.8378,0.03
Bandhan Credit Risk Fund - Direct Plan,16.4016,16.3949,0.04
Baroda BNP Paribas Credit Risk Fund Direct,22.2712,22.263,0.04
DSP Credit Risk Fund - Direct Plan,43.7939,43.7774,0.04
HDFC Credit Risk Debt Fund - Direct Plan,23.7842,23.7759,0.03
HSBC Credit Risk Fund - Direct Plan,28.6641,28.6537,0.04
ICICI Prudential Credit Risk Fund - Direct Plan,31.8655,31.8552,0.03
Kotak Credit Risk Fund - Direct Plan,30.482,30.4634,0.06
Nippon India Credit Risk Fund - Direct Plan,34.9687,34.9582,0.03
SBI Credit Risk Fund - Direct Plan,45.1275,45.1143,0.03
UTI Credit Risk Fund - Direct Plan,17.6637,17.6588,0.03
NIFTY Credit Risk Bond Total Return Index,6914.83,6912.84,0.03
NIFTY Credit Risk Bond Index C-III,7352.84,7350.5,0.03
,,,
Medium to Long Duration,2024-07-03 00:00:00,2024-07-02 00:00:00,%Chg
Aditya Birla Sun Life Income Fund - Direct Plan,124.6089,124.5312,0.06
Bandhan Bond Fund Income Plan - Direct Plan,65.9807,65.93,0.08
HDFC Income Fund - Direct Plan,59.0611,59.0285,0.06
ICICI Prudential Bond Fund - Direct Plan,38.8424,38.8195,0.06
Kotak Bond Fund - Direct Plan,79.12,79.0694,0.06
Nippon India Income Fund - Direct Plan,92.1839,92.1118,0.08
UTI Medium to Long Duration Fund - Direct Plan,73.3445,73.3127,0.04
CRISIL Composite Bond Total Return Index,-,4589.41,-
CRISIL Medium to Long Duration Fund AIII Index,-,13544.19,-
,,,
Gilt Funds,2024-07-03 00:00:00,2024-07-02 00:00:00,%Chg
Aditya Birla Sun Life Government Securities Fund - Direct Plan,80.666,80.6039,0.08
Axis Gilt Fund - Direct Plan,24.9692,24.9503,0.08
Bandhan Government Securities Fund - Investment Plan - Direct Plan,35.4908,35.4577,0.09
Baroda BNP Paribas Gilt Fund - Direct Plan,42.5973,42.5715,0.06
DSP Gilt Fund - Direct Plan,94.2138,94.1314,0.09
HDFC Gilt Fund - Direct Plan,53.5026,53.4639,0.07
HSBC Gilt Fund - Direct Plan,69.9625,69.904,0.08
ICICI Prudential Gilt Fund - Direct Plan,101.0769,101.0221,0.05
Kotak Gilt Investment - Direct Plan,101.1357,101.0447,0.09
Nippon India Gilt Securities Fund - Direct Plan,39.5566,39.5238,0.08
SBI Magnum Gilt Fund - Direct Plan,64.4656,64.4114,0.08
Tata Gilt Securities Fund - Direct Plan,79.9189,79.8577,0.08
UTI Gilt Fund - Direct Plan,59.9591,59.916,0.07
NIFTY All Duration G-Sec Total Return Index,4928.32,4924.72,0.07
,,,
Money Manager,2024-07-03 00:00:00,2024-07-02 00:00:00,%Chg
Aditya Birla Sun Life Money Manager Fund - Direct Plan,347.5007,347.3964,0.03
Axis Money Market Fund - Direct Plan,1337.8335,1337.4767,0.03
Bandhan Money Manager Fund - Direct Plan,40.4479,40.4362,0.03
DSP Savings Fund - Direct Plan,50.4318,50.4181,0.03
HDFC Money Market Fund - Direct Plan,5403.6893,5402.0965,0.03
ICICI Prudential Money Market Fund - Direct Plan,356.0562,355.9462,0.03
Invesco India Money Market Fund - Direct Plan,2924.8964,2924.1079,0.03
Kotak Money Market Fund - Direct Plan,4203.0922,4201.8725,0.03
Nippon India Money Market Fund - Direct Plan,3896.5015,3895.3407,0.03
SBI Savings Fund - Direct Plan,41.2379,41.2266,0.03
Tata Money Market Fund - Direct Plan,4454.1698,4452.8415,0.03
UTI Money Market Fund Institutional - Direct Plan,2893.035,2892.224,0.03
NIFTY Money Market Total Return Index,4803.24,4802,0.03
NIFTY Money Market Index B-I,4824.73,4823.45,0.03
,,,
Low Duration,2024-07-03 00:00:00,2024-07-02 00:00:00,%Chg
Aditya Birla Sun Life Low Duration Fund - Direct Plan,672.2429,672.052,0.03
Axis Treasury Advantage Fund - Direct Plan,2996.3979,2995.5819,0.03
Bandhan Low Duration Fund - Direct Plan,36.6282,36.6184,0.03
DSP Low Duration Fund - Direct Plan,18.9697,18.9646,0.03
HDFC Low Duration Fund - Direct Plan,57.8459,57.8306,0.03
ICICI Prudential Savings Fund - Direct Plan,509.5528,509.4019,0.03
Kotak Low Duration Fund - Standard Plan - Direct Plan,3363.6388,3362.6257,0.03
Nippon India Low Duration Fund - Direct Plan,3665.667,3664.7615,0.02
SBI Magnum Low Duration Fund - Direct Plan,3362.3506,3361.5848,0.02
Tata Treasury Advantage Fund - Direct Plan,3743.0818,3742.0672,0.03
UTI Low Duration Fund - Direct Plan,3334.3993,3333.4686,0.03
CRISIL Low Duration Fund BI Index,-,7483.53,-
NIFTY Low Duration Debt Index,5179.34,5177.9,0.03
,,,
FoFs - Conservative Plans,2024-07-03 00:00:00,2024-07-02 00:00:00,%Chg
ICICI Prudential Debt Management Fund (FOF),41.3237,41.3058,0.04
ICICI Prudential Income Optimizer Fund (FOF),-,57.5667,-
NIFTY 50 Index,24286.5,24123.85,0.67
NIFTY 50 Total Return,35947.53,35706.77,0.67
S&P BSE Sensex Total Return Index,123464.61,122622.82,0.69
CRISIL Hybrid 65+35 Conservative Index,-,-,-
,,,
Dynamic Bond Funds (FOF),2024-07-03 00:00:00,2024-07-02 00:00:00,%Chg
Aditya Birla Sun Life Active Debt Multi-Manager FoF Scheme - Direct Plan,36.3832,36.3634,0.05
Aditya Birla Sun Life Dynamic Bond Fund - Direct Plan,45.2906,45.2568,0.07
Axis All Seasons Debt FoF - Direct Plan,13.4193,13.4103,0.07
Bandhan All Seasons Bond Fund - Direct Plan,42.2803,42.2567,0.06
Bandhan Dynamic Bond Fund - Direct Plan,35.1914,35.1589,0.09
DSP Strategic Bond Fund - Direct Plan,3315.5191,3312.8209,0.08
HDFC Dynamic Debt Fund - Direct Plan,90.9873,90.9208,0.07
ICICI Prudential All Seasons Bond Fund - Direct Plan,36.383,36.3643,0.05
ICICI Prudential Debt Management Fund (FOF) - Direct Plan,37.7863,37.7696,0.04
Kotak Dynamic Bond Fund - Direct Plan,37.4887,37.4584,0.08
Nippon India Dynamic Bond Fund - Direct Plan,36.3906,36.4306,-0.11
SBI Dynamic Bond Fund - Direct Plan,35.8895,35.8634,0.07
UTI Dynamic Bond Fund - Direct Plan,30.7381,30.7193,0.06
NIFTY Composite Debt Total Return Index,5499.99,5498.11,0.03
CRISIL Composite Bond Total Return Index,-,4589.41,-
,,,
Banking & PSU,2024-07-03 00:00:00,2024-07-02 00:00:00,%Chg
Aditya Birla Sun Life Banking & PSU Debt Fund - Direct Plan,349.3755,349.2456,0.04
Axis Banking & PSU Debt Fund - Direct Plan,2497.111,2496.3911,0.03
Bandhan Banking & PSU Debt Fund - Direct Plan,23.3254,23.3155,0.04
DSP Banking & PSU Debt Fund - Direct Plan,22.9077,22.8957,0.05
HDFC Banking and PSU Debt Fund - Direct Plan,21.9818,21.9753,0.03
HSBC Banking and PSU Debt Fund - Direct Plan,23.5186,23.5118,0.03
ICICI Prudential Banking & PSU Debt Fund - Direct Plan,31.3761,31.3638,0.04
Kotak Banking and PSU Debt Fund - Direct Plan,62.4738,62.4662,0.01
LIC MF Banking & PSU Fund - Direct Plan,34.3758,34.3692,0.02
Nippon India Banking & PSU Debt Fund - Direct Plan,19.756,19.7523,0.02
SBI Banking and PSU Fund - Direct Plan,3037.977,3036.7341,0.04
NIFTY Financial Services Index,23923.75,23500.85,1.8
NIFTY Financial Services Total Return Index,29965.53,29435.83,1.8
NIFTY Bank,53089.25,52168.1,1.77
NIFTY Bank Total Return Index,73270.32,71999.01,1.77
NIFTY Banking and PSU Debt Total Return Index,5306.69,5305.26,0.03
,,,
Medium Duration,2024-07-03 00:00:00,2024-07-02 00:00:00,%Chg
Aditya Birla Sun Life Medium Term Plan - Direct Plan,37.9156,37.8898,0.07
Axis Strategic Bond Fund - Direct Plan,28.0222,28.0105,0.04
Bandhan Bond Fund Medium Term Plan - Direct Plan,45.6015,45.5736,0.06
DSP Bond Fund - Direct Plan,79.3651,79.3276,0.05
HDFC Medium Term Debt Fund - Direct Plan,55.8641,55.8395,0.04
HSBC Medium Duration Fund - Direct Plan,20.3367,20.3288,0.04
ICICI Prudential Medium Term Bond Fund - Direct Plan,44.8291,44.8084,0.05
Kotak Medium Term Fund - Direct Plan,22.9045,22.8879,0.07
SBI Magnum Medium Duration Fund - Direct Plan,50.6255,50.6047,0.04
CRISIL Medium Term Debt Total Return Index,-,4556.5,-
CRISIL Medium Duration Fund CIII Index,-,5550.12,-
,,,
Ultra Short Duration,2024-07-03 00:00:00,2024-07-02 00:00:00,%Chg
Aditya Birla Sun Life Savings Fund - Direct Plan,516.3394,516.2024,0.03
Axis Ultra Short Term Fund - Direct Plan,14.4844,14.4799,0.03
Bandhan Ultra Short Term Fund - Direct Plan,14.319,14.3154,0.03
DSP Ultra Short Fund - Direct Plan,3431.8403,3430.8835,0.03
HDFC Ultra Short Term Fund - Direct Plan,14.3672,14.3632,0.03
Kotak Savings Fund - Direct Plan,41.7066,41.6948,0.03
SBI Magnum Ultra Short Duration Fund - Direct Plan,5649.337,5647.8525,0.03
UTI Ultra Short Duration Fund - Direct,4218.7476,4217.7288,0.02
CRISIL Ultra Short Term Debt Total Return Index,-,7645.86,-
NIFTY Ultra Short Duration Debt Index B-I,5255.94,5254.48,0.03
,,,
Nifty ETF,2024-07-03 00:00:00,2024-07-02 00:00:00,%Chg
Aditya Birla Sun Life Nifty 50 ETF,27.782,27.5966,0.67
Axis Nifty 50 ETF,262.4788,260.7287,0.67
Bandhan Nifty 50 ETF,262.2544,260.5058,0.67
DSP Nifty 50 ETF,249.7913,248.1232,0.67
HDFC Nifty 50 ETF,267.2221,265.4372,0.67
ICICI Prudential Nifty 50 ETF,268.6215,266.8276,0.67
Invesco India Nifty 50 ETF,2722.2119,2704.0401,0.67
Kotak Nifty 50 ETF,263.0121,261.2559,0.67
LIC MF Nifty 50 ETF,266.193,264.4148,0.67
Mirae Asset Nifty 50 ETF,257.9087,256.1863,0.67
Motilal Oswal Nifty 50 ETF Fund,248.2436,246.5888,0.67
Nippon India ETF Nifty 50 BeES,270.061,268.2578,0.67
Quantum Nifty 50 ETF,2612.8119,2595.3686,0.67
SBI Nifty 50 ETF,255.2924,253.5878,0.67
Tata Nifty 50 Exchange Traded Fund,258.3221,256.5985,0.67
UTI Nifty 50 ETF,262.7995,261.0447,0.67
NIFTY 50 Index,24286.5,24123.85,0.67
NIFTY 50 Total Return,35947.53,35706.77,0.67
,,,
Sensex ETF,2024-07-03 00:00:00,2024-07-02 00:00:00,%Chg
Aditya Birla Sun Life BSE Sensex ETF,78.7901,78.2551,0.68
Axis BSE Sensex ETF,81.1035,80.5551,0.68
Bandhan S&P BSE Sensex ETF,856.0887,850.2994,0.68
HDFC BSE Sensex ETF,88.6707,88.0682,0.68
ICICI Prudential BSE Sensex ETF,898.2777,892.1719,0.68
Kotak BSE Sensex ETF,85.9809,85.3964,0.68
LIC MF BSE Sensex ETF,884.0999,878.1055,0.68
Nippon India ETF BSE Sensex,898.5059,892.4003,0.68
SBI BSE Sensex ETF,871.2449,865.3253,0.68
UTI BSE Sensex ETF,865.8332,859.9504,0.68
S&P BSE Sensex Index,79986.8,79441.45,0.69
S&P BSE Sensex Total Return Index,123464.61,122622.82,0.69
,,,
Nifty Next 50 ETF,2024-07-03 00:00:00,2024-07-02 00:00:00,%Chg
Aditya Birla Sun Life Nifty Next 50 ETF,75.0882,74.2856,1.08
HDFC NIFTY NEXT 50 ETF,73.127,72.3448,1.08
ICICI Prudential Nifty Next 50 ETF,75.309,74.5033,1.08
Mirae Asset Nifty Next 50 ETF,736.1196,728.2456,1.08
Nippon India ETF Nifty Next 50 Junior BeES,771.9912,763.7347,1.08
SBI Nifty Next 50 ETF,764.5606,756.3828,1.08
UTI Nifty Next 50 Exchange Traded Fund,76.9248,76.1019,1.08
NIFTY Next 50 Index,72584.95,71807.5,1.08
NIFTY Next 50 Total Return Index,102996.73,101893.52,1.08
,,,
Overnight Fund,2024-07-03 00:00:00,2024-07-02 00:00:00,%Chg
Aditya Birla Sun Life Overnight Fund - Direct Plan,1317.0043,1316.776,0.02
HDFC Overnight Fund - Direct Plan,3613.0192,3612.2996,0.02
ICICI Prudential Overnight Fund - Direct Plan,1312.3225,1312.0958,0.02
Kotak Overnight Fund - Direct Plan,1298.905,1298.6797,0.02
Nippon India Overnight Fund - Direct Plan,130.7577,130.735,0.02
SBI Overnight Fund - Direct Plan,3961.554,3960.8718,0.02
UTI Overnight Fund - Direct Plan,3333.0521,3332.4744,0.02
CRISIL Overnight Index,-,-,-
CRISIL Overnight Fund AI Index,-,3294.34,-
,,,
10 Year Corporate Bond,2024-07-03 00:00:00,2024-07-02 00:00:00,%Chg
Aditya Birla Sun Life Income Fund - Direct Plan,124.6089,124.5312,0.06
Axis Dynamic Bond Fund - Direct Plan,29.7615,29.7468,0.05
,,,
Floater,2024-07-03 00:00:00,2024-07-02 00:00:00,%Chg
Aditya Birla Sun Life Floating Rate Fund - Direct Plan,329.9395,329.8577,0.02
Axis Treasury Advantage Fund - Direct Plan,2996.3979,2995.5819,0.03
Bandhan Low Duration Fund - Direct Plan,36.6282,36.6184,0.03
DSP Low Duration Fund - Direct Plan,18.9697,18.9646,0.03
HDFC Low Duration Fund - Direct Plan,57.8459,57.8306,0.03
ICICI Prudential Savings Fund - Direct Plan,509.5528,509.4019,0.03
Invesco India Low Duration Fund - Direct Plan,3649.4541,3648.5797,0.02
Kotak Low Duration Fund - Standard Plan - Direct Plan,3363.6388,3362.6257,0.03
Nippon India Low Duration Fund - Direct Plan,3665.667,3664.7615,0.02
SBI Floating Rate Debt Fund - Direct Plan,12.3882,12.3846,0.03
SBI Magnum Low Duration Fund - Direct Plan,3362.3506,3361.5848,0.02
Tata Treasury Advantage Fund - Direct Plan,3743.0818,3742.0672,0.03
UTI Low Duration Fund - Direct Plan,3334.3993,3333.4686,0.03
CRISIL Liquid Fund Total Return Index,-,4100.76,-
CRISIL Low Duration Debt Index,-,7568.6,-
,,,
Aggressive Hybrid Fund FoF,2024-07-03 00:00:00,2024-07-02 00:00:00,%Chg
Aditya Birla Sun Life Equity Hybrid '95 Fund - Regular Plan,1467.07,1458.56,0.58
Aditya Birla Sun Life Financial Planning FoF - Aggressive Plan - Regular Plan,50.7867,50.4611,0.65
Axis Equity Hybrid Fund - Regular Plan,19.41,19.32,0.47
Bandhan Asset Allocation Fund - Aggressive Plan - Regular Plan,43.38,43.188,0.44
Bandhan Hybrid Equity Fund - Regular Plan,23.353,23.199,0.66
Baroda BNP Paribas Aggressive Hybrid Fund - Regular Plan,27.1592,27.0668,0.34
Canara Robeco Equity Hybrid Fund - Regular Plan,341.36,339.98,0.41
DSP Equity & Bond Fund,331.604,329.111,0.76
Franklin India Equity Hybrid Fund,257.4718,256.5731,0.35
HDFC Hybrid Equity Fund,113.543,112.922,0.55
HSBC Aggressive Hybrid Fund,54.3547,53.9614,0.73
HSBC Managed Solutions India - Growth - Regular Plan,38.906,38.6911,0.56
ICICI Prudential Equity & Debt Fund,360.61,359.08,0.43
Kotak Equity Hybrid Fund - Regular Plan,59.465,59.039,0.72
LIC MF Aggressive Hybrid Fund,190.047,188.9779,0.57
Mirae Asset Aggressive Hybrid Fund - Regular Plan,30.47,30.282,0.62
Motilal Oswal Asset Allocation Passive FoF - Aggressive - Regular Plan,16.1042,16.0043,0.62
Nippon India Equity Hybrid Fund,99.4845,99.0272,0.46
SBI Equity Hybrid Fund,275.4882,274.026,0.53
Sundaram Aggressive Hybrid Fund,154.5902,153.9091,0.44
Tata Hybrid Equity Fund - Regular Plan,428.6015,425.9021,0.63
UTI Aggressive Hybrid Fund - Regular Plan,384.5664,382.266,0.6
CRISIL Hybrid 35+65 Aggressive Index,-,19666.58,-
,,,
Financial Planning Funds - Conservative,2024-07-03 00:00:00,2024-07-02 00:00:00,%Chg
Aditya Birla Sun Life Financial Planning FoF - Conservative Plan - Regular Plan,31.7618,31.6509,0.35
CRISIL Hybrid 65+35 Conservative Index,-,-,-
CRISIL Short Term Debt Hybrid 75+25 Index,-,8570.18,-
,,,
Financial Planning Funds - Moderate,2024-07-03 00:00:00,2024-07-02 00:00:00,%Chg
Aditya Birla Sun Life Financial Planning FoF - Moderate Plan - Regular Plan,39.5529,39.3595,0.49
HSBC Managed Solutions India - Moderate - Regular Plan,33.7652,33.6091,0.46
CRISIL Hybrid 50+50 Moderate Index,-,14602.22,-
,,,
Gold ETF,2024-07-03 00:00:00,2024-07-02 00:00:00,%Chg
Aditya Birla Sun Life Gold ETF,64.36,63.8977,0.72
Axis Gold ETF,61.0969,60.7834,0.52
DSP Gold ETF,71.303,70.7941,0.72
HDFC Gold Exchange Traded Fund,62.7165,62.3954,0.51
ICICI Prudential Gold Exchange Traded Fund,62.666,62.2145,0.73
Invesco India Gold ETF,6368.6724,6335.7433,0.52
Kotak Gold ETF,61.2062,60.7617,0.73
LIC MF Gold ETF,6596.964,6562.8443,0.52
Mirae Asset Gold ETF,71.3397,70.8302,0.72
Nippon India ETF Gold BeES,60.8835,60.4437,0.73
Quantum Gold Fund,60.5312,60.3069,0.37
SBI Gold ETF,62.6577,62.2061,0.73
UTI Gold Exchange Traded Fund,61.4099,61.0924,0.52
Domestic Price of Gold,-,7144.7,-
,,,
Nifty Fund,2024-07-03 00:00:00,2024-07-02 00:00:00,%Chg
Aditya Birla Sun Life Nifty 50 Index Fund - Regular Plan,243.7141,242.09,0.67
Axis Nifty 50 Index Fund - Regular Plan,14.3354,14.2401,0.67
Bandhan Nifty 50 Index Fund - Regular Plan,51.9826,51.6366,0.67
DSP Nifty 50 Index Fund - Regular Plan,23.2202,23.0655,0.67
Edelweiss Nifty 50 Index Fund,13.7045,13.6136,0.67
Franklin India NSE Nifty 50 Index,194.2569,192.9697,0.67
HDFC Index Fund Nifty 50 Plan,228.191,226.668,0.67
HSBC Nifty 50 Index Fund - Regular Plan,27.7643,27.5792,0.67
ICICI Prudential Nifty 50 Index Fund,242.0953,240.4831,0.67
Kotak Nifty 50 Index Fund - Regular Plan,15.658,15.554,0.67
LIC MF Nifty 50 Index Plan,133.9499,133.0562,0.67
Motilal Oswal Nifty 50 Index Fund - Regular Plan,20.3484,20.2129,0.67
Navi Nifty 50 Index Fund - Regular Plan,15.5862,15.4823,0.67
Nippon India Index Fund - Nifty 50 Plan,40.8534,40.5812,0.67
SBI Nifty Index Fund,212.8289,211.407,0.67
Tata Nifty 50 Index Fund - Regular Plan,149.971,148.9751,0.67
Taurus Nifty 50 Index Fund - Regular Plan,46.0996,45.802,0.65
UTI Nifty 50 Index Fund - Regular Plan,165.1442,164.0435,0.67
NIFTY 50 Index,24286.5,24123.85,0.67
NIFTY 50 Total Return Index,35947.53,35706.77,0.67
,,,
Bal Bhavishya,2024-07-03 00:00:00,2024-07-02 00:00:00,%Chg
Aditya Birla Sun Life Bal Bhavishya Yojna - Regular Plan,19.57,19.44,0.67
Aditya Birla Sun Life Flexi Cap Fund - Regular Plan,1682.27,1669.15,0.79
Axis Flexi Cap Fund - Regular Plan,25.57,25.38,0.75
Bandhan Flexi Cap Fund - Regular Plan,201.531,200.011,0.76
Canara Robeco Flexi Cap Fund - Regular Plan,325.63,323.51,0.66
DSP Flexi Cap Fund,67.25,66.598,0.98
Franklin India Flexi Cap Fund,1577.3674,1570.2082,0.46
HDFC Flexi Cap Fund,1822.456,1808.637,0.76
HSBC Flexi Cap Fund,213.1145,211.579,0.73
ICICI Prudential Flexicap Fund,17.9,17.8,0.56
Kotak Flexicap Fund - Regular Plan,82.226,81.61,0.75
Mirae Asset Flexi Cap Fund - Regular Plan,14.97,14.898,0.48
Motilal Oswal Flexi Cap Fund - Regular Plan,56.1534,55.7985,0.64
Nippon India Flexi Cap Fund - Regular Plan,16.8054,16.6853,0.72
PGIM India Flexi Cap Fund - Regular Plan,34.65,34.39,0.76
SBI Flexicap Fund,107.8364,107.1723,0.62
Sundaram Flexi Cap Fund - Regular Plan,13.9745,13.8674,0.77
Tata Flexi Cap Fund - Regular Plan,22.9766,22.7507,0.99
Tata Young Citizens Fund - Regular Plan,61.7825,61.2364,0.89
UTI Children's Equity Fund-Regular Plan,84.3627,83.7237,0.76
UTI Flexi Cap Fund - Regular Plan,306.377,304.5609,0.6
S&P BSE 200 Total Return Index,14282.65,14177.17,0.74
NIFTY 500 Total Return Index,35966.18,35693.16,0.76
,,,
Retirement Fund 30,2024-07-03 00:00:00,2024-07-02 00:00:00,%Chg
Aditya Birla Sun Life Retirement Fund - The 30s Plan - Regular Plan,18.888,18.763,0.67
Axis Retirement Savings Fund - Dynamic Plan - Regular Plan,18.8,18.68,0.64
HDFC Retirement Savings Fund Equity Plan - Regular Plan,49.311,48.911,0.82
ICICI Prudential Retirement Fund - Pure Equity Plan,30.04,29.88,0.54
Nippon India Retirement Fund - Wealth Creation Scheme,28.7064,28.5042,0.71
SBI Retirement Benefit Fund - Aggressive Plan - Regular Plan,20.5693,20.4304,0.68
Tata Retirement Savings Fund - Progressive Plan - Regular Plan,64.2696,63.9404,0.51
Union Retirement Fund - Regular Plan,15.3,15.19,0.72
S&P BSE 200 Total Return Index,14282.65,14177.17,0.74
NIFTY 500 Total Return Index,35966.18,35693.16,0.76
,,,
Retirement Fund 50,2024-07-03 00:00:00,2024-07-02 00:00:00,%Chg
Aditya Birla Sun Life Retirement Fund - The 50s Plan - Direct Plan,14.6575,14.6281,0.2
Axis Retirement Savings Fund - Conservative Plan - Direct Plan,16.31,16.2724,0.23
HDFC Retirement Savings Fund - Hybrid Debt Plan - Direct Plan,22.7371,22.6885,0.21
ICICI Prudential Retirement Fund - Hybrid Conservative Plan - Direct Plan,17.3487,17.3299,0.11
Nippon India Retirement Fund - Income Generation Scheme - Direct Plan,21.5376,21.5014,0.17
SBI Retirement Benefit Fund - Conservative Plan - Direct Plan,13.6741,13.6488,0.19
Tata Retirement Savings Fund - Conservative Plan - Direct Plan,34.9043,34.8412,0.18
UTI Children's Equity Fund-Direct Plan,92.679,91.9743,0.77
CRISIL Short Term Debt Hybrid 75+25 Index,-,8570.18,-
,,,
Retirement Fund 50s Plus,2024-07-03 00:00:00,2024-07-02 00:00:00,%Chg
Aditya Birla Sun Life Corporate Bond Fund - Direct Plan,105.2671,105.2249,0.04
Aditya Birla Sun Life Retirement Fund - The 50s Plus - Debt Plan - Direct Plan,13.2783,13.2747,0.03
Axis Corporate Debt Fund - Direct Plan,16.4811,16.4752,0.04
Bandhan Corporate Bond Fund - Direct Plan,18.1477,18.1391,0.05
HDFC Corporate Bond Fund - Direct Plan,30.478,30.4723,0.02
ICICI Prudential Corporate Bond Fund - Direct Plan,28.6975,28.6873,0.04
ICICI Prudential Retirement Fund - Pure Debt Plan - Direct Plan,15.0315,15.0236,0.05
Kotak Corporate Bond Fund - Standard Plan - Direct Plan,3602.3744,3601.4839,0.02
SBI Corporate Bond Fund - Direct Plan,14.6102,14.6055,0.03
CRISIL Short-Term Bond Index,-,4674.86,-
,,,
Retirement Fund 40,2024-07-03 00:00:00,2024-07-02 00:00:00,%Chg
Aditya Birla Sun Life Retirement Fund - The 40s Plan - Regular Plan,17.588,17.497,0.52
Axis Retirement Savings Fund - Aggressive Plan - Regular Plan,17.75,17.63,0.68
HDFC Retirement Savings Fund - Hybrid Equity Plan - Regular Plan,37.321,37.128,0.52
ICICI Prudential Retirement Fund - Hybrid Aggressive Plan,24.54,24.41,0.53
SBI Retirement Benefit Fund - Aggressive Hybrid Plan - Regular Plan,18.8457,18.7379,0.58
Tata Retirement Savings Fund - Moderate Plan - Regular Plan,62.0425,61.78,0.42
CRISIL Hybrid 35+65 Aggressive Index,-,19666.58,-
,,,
Nifty Midcap,2024-07-03 00:00:00,2024-07-02 00:00:00,%Chg
Aditya Birla Sun Life Nifty Midcap 150 Index Fund - Regular Plan,23.2563,23.0775,0.77
Axis Nifty Midcap 50 Index Fund - Regular Plan,18.8883,18.7104,0.95
DSP Nifty Midcap 150 Quality 50 Index Fund - Regular Plan,14.8322,14.7479,0.57
HDFC NIFTY Midcap 150 Index Fund - Regular Plan,17.793,17.6565,0.77
ICICI Prudential Nifty Midcap 150 Index Fund,18.4142,18.2727,0.77
Motilal Oswal Nifty Midcap 150 Index Fund - Regular Plan,36.5861,36.3042,0.78
Navi Nifty Midcap 150 Index Fund - Regular Plan,19.4744,19.3246,0.78
Nippon India Nifty Midcap 150 Index Fund - Regular Plan,23.8308,23.6475,0.78
SBI Nifty Midcap 150 Index Fund - Regular Plan,18.1003,17.961,0.78
Tata Nifty Midcap 150 Momentum 50 Index Fund - Regular Plan,18.5843,18.3617,1.21
UTI Nifty Midcap 150 Quality 50 Index Fund - Regular Plan,14.4554,14.3731,0.57
NIFTY Midcap 150 Total Return Index,26573.14,26367.76,0.78
,,,
Nifty Smallcap,2024-07-03 00:00:00,2024-07-02 00:00:00,%Chg
Aditya Birla Sun Life Nifty Smallcap 50 Index Fund - Regular Plan,20.8651,20.6781,0.9
Axis Nifty Smallcap 50 Index Fund - Regular Plan,18.2489,18.0878,0.89
Edelweiss Nifty Smallcap 250 Index Fund - Regular Plan,17.9329,17.7739,0.89
HDFC NIFTY Smallcap 250 Index Fund - Regular Plan,18.893,18.726,0.89
Kotak Nifty Smallcap 50 Index Fund - Regular Plan,20.192,20.013,0.89
Motilal Oswal Nifty Smallcap 250 Index Fund - Regular Plan,37.7254,37.3906,0.9
Nippon India Nifty Smallcap 250 Index Fund - Regular Plan,33.8854,33.5859,0.89
SBI Nifty Smallcap 250 Index Fund - Regular Plan,18.8737,18.7065,0.89
NIFTY Smallcap 50 Total Return Index,10769.94,10673.01,0.91
,,,
Nifty 50 Equal Weight,2024-07-03 00:00:00,2024-07-02 00:00:00,%Chg
Aditya Birla Sun Life Nifty 50 Equal Weight Index Fund - Regular Plan,17.1271,17.0154,0.66
DSP Nifty 50 Equal Weight Index Fund - Regular Plan,24.3702,24.2112,0.66
HDFC NIFTY 100 Equal Weight Index Fund - Regular Plan,16.378,16.2435,0.83
HDFC NIFTY50 Equal Weight Index Fund - Regular Plan,16.8198,16.7098,0.66
ICICI Prudential Nifty50 Equal Weight Index Fund,15.5553,15.4538,0.66
UTI NIFTY50 Equal Weight Index Fund - Regular Plan,13.8987,13.8081,0.66
NIFTY 50 Equal Weight Total Return Index,51560.65,51221.67,0.66
,,,
Business Cycle,2024-07-03 00:00:00,2024-07-02 00:00:00,%Chg
Aditya Birla Sun Life Business Cycle Fund - Regular Plan,14.8,14.71,0.61
Axis Business Cycles Fund - Regular Plan,16.16,16.08,0.5
Baroda BNP Paribas Business Cycle Fund - Regular Plan,16.0371,15.89,0.93
HDFC Business Cycle Fund - Regular Plan,14.369,14.254,0.81
HSBC Business Cycles Fund - Regular Plan,41.9294,41.652,0.67
ICICI Prudential Business Cycle Fund,22.66,22.53,0.58
Kotak Business Cycle Fund - Regular Plan,15.043,14.971,0.48
Tata Business Cycle Fund - Regular Plan,19.3716,19.2264,0.76
S&P BSE 500 Total Return Index,45722.94,45374.55,0.77
,,,
Healthcare ETF,2024-07-03 00:00:00,2024-07-02 00:00:00,%Chg
Aditya Birla Sun Life Nifty Healthcare ETF,12.8971,12.8,0.76
Axis NIFTY Healthcare ETF,127.9452,126.9816,0.76
ICICI Prudential Nifty Healthcare ETF,128.4213,127.4527,0.76
Motilal Oswal BSE Healthcare ETF,37.6803,37.4099,0.72
NIFTY Healthcare Total Return Index.,14883.51,14771.18,0.76
,,,
Nifty IT ETF,2024-07-03 00:00:00,2024-07-02 00:00:00,%Chg
Aditya Birla Sun Life Nifty IT ETF,38.9106,38.8949,0.04
Axis NIFTY IT ETF,395.3462,395.1949,0.04
HDFC NIFTY IT ETF,38.2806,38.2651,0.04
ICICI Prudential Nifty IT ETF,39.7938,39.7776,0.04
Kotak Nifty IT ETF,39.6196,39.6022,0.04
Nippon India ETF Nifty IT,39.8503,39.8343,0.04
SBI Nifty IT ETF,397.7794,397.6199,0.04
NIFTY IT Total Return Index,51517.42,51496.4,0.04
,,,
Silver ETF,2024-07-03 00:00:00,2024-07-02 00:00:00,%Chg
Aditya Birla Sun Life Silver ETF,90.7831,89.1818,1.8
Axis Silver ETF,90.3464,88.1497,2.49
DSP Silver ETF,87.8044,86.2568,1.79
HDFC Silver ETF,88.2076,86.0874,2.46
ICICI Prudential Silver ETF,90.7296,89.1291,1.8
Kotak Silver ETF,88.3662,86.8111,1.79
Mirae Asset Silver ETF,88.8009,87.231,1.8
Nippon India Silver ETF,87.5218,85.9803,1.79
UTI Silver ETF,89.4515,87.8754,1.79
Domestic Price of Silver,89.44,87.83,1.84
,,,
Silver FoF,2024-07-03 00:00:00,2024-07-02 00:00:00,%Chg
Aditya Birla Sun Life Silver ETF FoF - Regular Plan,14.1703,13.9593,1.51
Axis Silver FoF - Regular Plan,15.6682,15.4579,1.36
HDFC Silver ETF FoF - Regular Plan,15.226,14.984,1.62
ICICI Prudential Silver ETF FoF,13.9667,13.7414,1.64
Kotak Silver ETF FoF - Regular Plan,12.1794,11.9879,1.6
Nippon India Silver ETF FoF - Regular Plan,13.9864,13.7489,1.73
UTI Silver ETF FoF - Regular Plan,11.9355,11.7329,1.73
Domestic Price of Silver,89.44,87.83,1.84
,,,
Passive Funds,2024-07-03 00:00:00,2024-07-02 00:00:00,%Chg
Aditya Birla Sun Life BSE Sensex ETF,78.7901,78.2551,0.68
Aditya Birla Sun Life Gold ETF,64.36,63.8977,0.72
Aditya Birla Sun Life Gold Fund - Regular Plan,21.425,21.3156,0.51
Aditya Birla Sun Life Nifty 200 Momentum 30 ETF,36.2199,35.7555,1.3
Aditya Birla Sun Life Nifty 200 Quality 30 ETF,21.4249,21.2901,0.63
Aditya Birla Sun Life Nifty 50 Equal Weight Index Fund - Regular Plan,17.1271,17.0154,0.66
Aditya Birla Sun Life Nifty 50 ETF,27.782,27.5966,0.67
Aditya Birla Sun Life Nifty 50 Index Fund - Regular Plan,243.7141,242.09,0.67
Aditya Birla Sun Life Nifty Bank ETF,53.7922,52.8639,1.76
Aditya Birla Sun Life Nifty Healthcare ETF,12.8971,12.8,0.76
Aditya Birla Sun Life Nifty IT ETF,38.9106,38.8949,0.04
Aditya Birla Sun Life Nifty Midcap 150 Index Fund - Regular Plan,23.2563,23.0775,0.77
Aditya Birla Sun Life Nifty Next 50 ETF,75.0882,74.2856,1.08
Aditya Birla Sun Life Nifty Next 50 Index Fund - Regular Plan,17.6185,17.4309,1.08
Aditya Birla Sun Life Nifty Smallcap 50 Index Fund - Regular Plan,20.8651,20.6781,0.9
Aditya Birla Sun Life Silver ETF,90.7831,89.1818,1.8
Aditya Birla Sun Life Silver ETF FoF - Regular Plan,14.1703,13.9593,1.51
,,,
Nifty SDL Plus PSU Bond,2024-07-03 00:00:00,2024-07-02 00:00:00,%Chg
Aditya Birla Sun Life Nifty SDL Plus PSU Bond Sep 2026 60:40 Index Fund - Direct Plan,11.4721,11.468,0.04
Nifty SDL Plus PSU Bond Sep 2026 60:40 Index,1158.29,1158.01,0.02
,,,
Nifty SDL Apr 2027 Index,2024-07-03 00:00:00,2024-07-02 00:00:00,%Chg
Aditya Birla Sun Life Nifty SDL Apr 2027 Index Fund - Direct Plan,11.4645,11.4601,0.04
Nifty SDL Apr 2027 Index,1152.95,1152.72,0.02
,,,
CRISIL SDL Plus AAA PSU Apr 2025,2024-07-03 00:00:00,2024-07-02 00:00:00,%Chg
Aditya Birla Sun Life CRISIL IBX 60:40 SDL+AAA PSU-Apr 2025 Index Fund - Direct Plan,11.2792,11.2754,0.03
CRISIL IBX 60:40 SDL + AAA PSU Index - April 2025,-,-,-
,,,
CRISIL SDL Plus AAA PSU Apr 2027,2024-07-03 00:00:00,2024-07-02 00:00:00,%Chg
Aditya Birla Sun Life CRISIL IBX 60:40 SDL+AAA PSU-Apr 2027 Index Fund - Direct Plan,11.2963,11.2926,0.03
CRISIL IBX 60:40 SDL + AAA PSU Index - April 2027,-,-,-
,,,
Domestic + International,2024-07-03 00:00:00,2024-07-02 00:00:00,%Chg
Franklin Asian Equity Fund,27.8436,27.559,1.03
Templeton India Equity Income Fund,138.89,137.7361,0.84
"S&P BSE 200 TRI(65.00), S&P Global 1200 TRI(35.00)",-,-,-
,,,
Other Competitor Thematic/Contra Funds,2024-07-03 00:00:00,2024-07-02 00:00:00,%Chg
360 ONE Quant Fund - Regular Plan,19.0508,18.7978,1.35
Aditya Birla Sun Life Business Cycle Fund - Regular Plan,14.8,14.71,0.61
Aditya Birla Sun Life Manufacturing Equity Fund - Regular Plan,32.23,31.97,0.81
Aditya Birla Sun Life Special Opportunities Fund - Regular Plan,23.19,23.03,0.69
Axis Innovation Fund - Regular Plan,17.9,17.81,0.51
Axis Quant Fund - Regular Plan,16.53,16.44,0.55
Baroda BNP Paribas Business Cycle Fund - Regular Plan,16.0371,15.89,0.93
DSP Quant Fund - Regular Plan,21.019,20.861,0.76
Edelweiss Recently Listed IPO Fund  - Regular Plan,26.3441,26.1724,0.66
Franklin India Opportunities Fund,245.7945,245.0851,0.29
HDFC Housing Opportunities Fund - Regular Plan,24.289,24.167,0.5
HSBC Business Cycles Fund - Regular Plan,41.9294,41.652,0.67
ICICI Prudential Business Cycle Fund,22.66,22.53,0.58
ICICI Prudential Commodities Fund,43.35,43.08,0.63
ICICI Prudential Exports and Services Fund,151.7,150.82,0.58
ICICI Prudential FMCG Fund,485.84,482.85,0.62
ICICI Prudential Housing Opportunities Fund,17,16.91,0.53
ICICI Prudential India Opportunities Fund,32.66,32.43,0.71
ICICI Prudential Manufacturing Fund,36.06,35.86,0.56
ICICI Prudential Nifty Auto ETF,25.591,25.5384,0.21
ICICI Prudential Nifty FMCG ETF,59.8472,59.317,0.89
ICICI Prudential Quant Fund,21.58,21.43,0.7
ICICI Prudential Thematic Advantage Fund (FOF),-,197.1146,-
Invesco India Contra Fund,127.01,125.92,0.87
Kotak India EQ Contra Fund - Regular Plan,148.502,147.191,0.89
Kotak Manufacture in India Fund - Regular Plan,19.045,18.928,0.62
Kotak Pioneer Fund - Regular Plan,29.499,29.32,0.61
Mahindra Manulife Consumption Fund - Regular Plan,22.618,22.483,0.6
Mirae Asset Nifty India Manufacturing ETF,149.0659,148.1454,0.62
Mirae Asset Nifty India Manufacturing ETF FoF - Regular Plan,18.545,18.347,1.08
Nippon India ETF Nifty Dividend Opportunities 50,80.7175,80.0737,0.8
Nippon India Nifty Auto ETF,255.9082,255.3824,0.21
Nippon India Quant Fund - Retail Plan,68.2049,67.6739,0.78
Quant Quantamental Fund - Regular Plan,24.9297,24.7277,0.82
SBI Contra Fund,380.3128,377.49,0.75
SBI Equity Minimum Variance Fund - Regular Plan,23.7481,23.6057,0.6
SBI Magnum COMMA Fund,101.7465,100.9739,0.77
Sundaram Services Fund - Regular Plan,31.1886,31.0216,0.54
Tata Business Cycle Fund - Regular Plan,19.3716,19.2264,0.76
Tata Ethical Fund - Regular Plan,407.7007,405.231,0.61
Tata Quant Fund - Regular Plan,15.5016,15.4593,0.27
Taurus Ethical Fund - Regular Plan,130.44,129.57,0.67
UTI Transportation and Logistics Fund - Regular Plan,272.0923,271.2295,0.32
,,,
Long Duration Fund,2024-07-03 00:00:00,2024-07-02 00:00:00,%Chg
Aditya Birla Sun Life Long Duration Fund - Direct Plan,11.9181,11.9077,0.09
Axis Long Duration Fund - Direct Plan,1159.4789,1158.755,0.06
HDFC Long Duration Debt Fund - Direct Plan,11.4931,11.4839,0.08
ICICI Prudential Long Term Bond Fund - Direct Plan,89.6269,89.5683,0.07
Nippon India Nivesh Lakshya Fund - Direct Plan,16.8561,16.8414,0.09
SBI Long Duration Fund - Direct Plan,11.6333,11.6226,0.09
UTI Long Duration Fund - Direct Plan,11.3762,11.3672,0.08
NIFTY Long Duration Debt Index A-III,5736.46,5732.92,0.06
,,,
Nifty SDL Sep 2025 Index,2024-07-03 00:00:00,2024-07-02 00:00:00,%Chg
Aditya Birla Sun Life Nifty SDL Sep 2025 Index Fund - Direct Plan,11.3542,11.3483,0.05
Nifty SDL Sep 2025 Index,1139.75,1139.13,0.05
,,,
CRISIL IBX Gilt - April 2026 Index,2024-07-03 00:00:00,2024-07-02 00:00:00,%Chg
Aditya Birla Sun Life CRISIL IBX Gilt-April 2026 Index Fund - Direct Plan,11.3512,11.3477,0.03
CRISIL IBX Gilt Index - April 2026,-,-,-
,,,
CRISIL IBX 50:50 Gilt Plus SDL Apr 2028 Index,2024-07-03 00:00:00,2024-07-02 00:00:00,%Chg
Aditya Birla Sun Life CRISIL IBX 50:50 Gilt Plus SDL Apr 2028 Index Fund - Direct Plan,11.4617,11.4506,0.1
CRISIL IBX 50:50 Gilt Plus SDL Index - April 2028,-,1153.4,-
,,,
CRISIL IBX Gilt Apr 2029 Index Fund,2024-07-03 00:00:00,2024-07-02 00:00:00,%Chg
Aditya Birla Sun Life CRISIL IBX Gilt -Apr 2029 Index Fund - Direct Plan,11.5026,11.4889,0.12
CRISIL IBX Gilt Index - April 2029,-,-,-
,,,
CRISIL IBX 60:40 SDL + AAA PSU Apr 2026 Index,2024-07-03 00:00:00,2024-07-02 00:00:00,%Chg
Aditya Birla Sun Life CRISIL IBX 60:40 SDL+ AAA PSU Apr 2026 Index Fund - Direct Plan,11.1541,11.1511,0.03
CRISIL IBX 60:40 SDL + AAA PSU Index - April 2026,-,-,-
,,,
NIFTY SDL Sep 2027 Index,2024-07-03 00:00:00,2024-07-02 00:00:00,%Chg
Aditya Birla Sun Life Nifty SDL Sep 2027 Index Fund - Direct Plan,11.1126,11.108,0.04
Nifty SDL Sep 2027 Index,1150.65,1150.55,0.01
,,,
CRISIL IBX Gilt Apr 2028 Index,2024-07-03 00:00:00,2024-07-02 00:00:00,%Chg
Aditya Birla Sun Life CRISIL IBX Gilt Apr 2028 Index Fund - Direct Plan,10.9759,10.9721,0.03
CRISIL IBX Gilt Index - April 2028,-,1212.71,-
,,,
Multi Index FoF,2024-07-03 00:00:00,2024-07-02 00:00:00,%Chg
Aditya Birla Sun Life Multi - Index FoF - Regular Plan,15.0044,14.9029,0.68
ICICI Prudential Passive Multi-Asset FoF,13.3785,13.2963,0.62
Motilal Oswal Asset Allocation Passive FoF - Aggressive - Regular Plan,16.1042,16.0043,0.62
Motilal Oswal Asset Allocation Passive FoF - Conservative - Regular Plan,14.3161,14.2408,0.53
,,,
Multi Asset Allocation,2024-07-03 00:00:00,2024-07-02 00:00:00,%Chg
Aditya Birla Sun Life Multi Asset Allocation Fund - Regular Plan,13.6334,13.5632,0.52
Axis Multi Asset Allocation Fund - Regular Plan,37.4406,37.2273,0.57
Bank of India Multi Asset Allocation Fund - Regular Plan,10.9367,10.8748,0.57
Baroda BNP Paribas Multi Asset Fund - Regular Plan,14.1771,14.1177,0.42
HDFC Multi Asset Fund,65.889,65.59,0.46
ICICI Prudential Multi Asset Fund,685.7207,682.0231,0.54
Kotak Multi Asset Allocation Fund - Regular Plan,12.764,12.656,0.85
Nippon India Multi Asset Fund - Regular Plan,19.6795,19.5467,0.68
Tata Multi Asset Opportunities Fund - Regular Plan,22.2697,22.138,0.59
UTI Multi Asset Allocation Fund - Regular Plan,69.4447,69.1962,0.36
,,,
CRISIL IBX AAA Index  March 2024,2024-07-03 00:00:00,2024-07-02 00:00:00,%Chg
CRISIL IBX AAA Index - March 2024,-,-,-
,,,
CRISIL IBX SDL Index  June 2032,2024-07-03 00:00:00,2024-07-02 00:00:00,%Chg
Aditya Birla Sun Life CRISIL IBX SDL Jun 2032 Index Fund - Direct Plan,11.2438,11.2366,0.06
CRISIL IBX SDL Index - June 2032,-,-,-
,,,
Nasdaq 100 FOFs,2024-07-03 00:00:00,2024-07-02 00:00:00,%Chg
Aditya Birla Sun Life NASDAQ 100 FOF - Regular Plan,13.6672,13.5216,1.08
Axis NASDAQ 100 FoF - Regular Plan,17.8044,17.62,1.05
Kotak Nasdaq 100 FOF - Regular Plan,16.8339,16.6556,1.07
Motilal Oswal Nasdaq 100 FOF - Regular Plan,34.2004,33.9206,0.82
Navi NASDAQ 100 FoF - Regular Plan,14.9324,14.8051,0.86
Nasdaq 100 Total Return Index,-,-,-
Nasdaq 100 Index,-,-,-
,,,
Liquid ETF,2024-07-03 00:00:00,2024-07-02 00:00:00,%Chg
Aditya Birla Sun Life CRISIL Liquid Overnight ETF,1000,1000,0.02
DSP NIFTY 1D Rate Liquid ETF,1000,1000,0.02
ICICI Prudential BSE Liquid Rate ETF,1000,1000,0.02
Kotak Nifty 1D Rate Liquid ETF,1000,1000,0.02
Mirae Asset Nifty 1D Rate Liquid ETF,1000,1000,0.02
Nippon India ETF Nifty 1D Rate Liquid BeES,1000,1000,0.02
,,,
US Treasury,2024-07-03 00:00:00,2024-07-02 00:00:00,%Chg
Aditya Birla Sun Life US Treasury 1-3 year Bond ETFs FoF - Direct Plan,10.3651,10.3541,0.11
Aditya Birla Sun Life US Treasury 3-10 year Bond ETFs FoF - Direct Plan,10.5416,10.4976,0.42
Axis US Treasury Dynamic Bond ETF FoF - Direct Plan,9.9474,9.8792,0.69
Bandhan US Treasury Bond 0-1 year FoF - Direct Plan,10.7836,10.7787,0.05
DSP US Treasury FoF - Direct Plan,10.186,10.1278,0.57
,,,
Transportation & Logistics,2024-07-03 00:00:00,2024-07-02 00:00:00,%Chg
Aditya Birla Sun Life Transportation and Logistics Fund - Regular Plan,14.57,14.53,0.28
Bandhan Transportation and Logistics Fund - Regular Plan,18.485,18.471,0.08
HDFC Transportation and Logistics Fund - Regular Plan,16.037,15.981,0.35
ICICI Prudential Transportation and Logistics Fund,18.46,18.4,0.33
UTI Transportation and Logistics Fund - Regular Plan,272.0923,271.2295,0.32
Nifty Transportation & Logistics Total Return Index,31085.93,30967.28,0.38
Nifty Transportation & Logistics Index,-,-,-
