Stats Variables as On 30-Jun-24,Unnamed: 1,Unnamed: 2,Unnamed: 3,Unnamed: 4,Unnamed: 5
,,,,,
Equity Investment Solutions,,,,,
Scheme,Beta,Stdev,Sharpe,Treynor,Alpha
Aditya Birla Sun Life Balanced Advantage Fund - Regular Plan,0.53,6.51,0.96,11.69,1.2
Aditya Birla Sun Life Equity Hybrid '95 Fund - Regular Plan,0.76,9.62,0.83,10.48,0.79
Aditya Birla Sun Life Frontline Equity Fund - Regular Plan,0.93,12.15,0.98,12.85,0.6
Aditya Birla Sun Life Equity Advantage Fund - Regular Plan,0.99,14.29,0.62,8.87,-4.28
Aditya Birla Sun Life Flexi Cap Fund - Regular Plan,0.96,13.03,0.84,11.32,-2.3
Aditya Birla Sun Life ELSS Tax Saver - Regular Plan,0.88,12.08,0.64,8.74,-4.39
Aditya Birla Sun Life Mid Cap Fund - Regular Plan,0.92,14.22,1.18,18.17,-1.85
Aditya Birla Sun Life Small Cap Fund - Regular Plan,0.84,15.77,0.9,16.78,-2.94
Aditya Birla Sun Life Banking & Financial Services Fund - Regular Plan,0.91,15.87,0.68,11.84,1.21
Aditya Birla Sun Life India GenNext Fund - Regular Plan,0.75,12.4,1.06,17.55,-1.24
Aditya Birla Sun Life Manufacturing Equity Fund - Regular Plan,0.94,13.5,0.89,12.78,-0.88
Aditya Birla Sun Life MNC Fund - Regular Plan,0.77,12.5,0.62,10.06,-2.81
Aditya Birla Sun Life Arbitrage Fund - Regular Plan,0.95,0.67,0.03,0.02,1.96
Aditya Birla Sun Life Bal Bhavishya Yojna - Regular Plan,0.87,12.1,0.67,9.36,-3.78
Aditya Birla Sun Life Business Cycle Fund - Regular Plan,-,-,-,-,-
Aditya Birla Sun Life Digital India Fund - Regular Plan,0.88,18.13,0.45,9.22,3.44
Aditya Birla Sun Life Dividend Yield Fund - Regular Plan,0.91,13.83,1.25,19.08,4.88
Aditya Birla Sun Life Equity Savings Fund - Regular Plan,0.74,4.82,0.28,1.8,-1.96
Aditya Birla Sun Life ESG Integration Strategy Fund - Regular Plan,1.01,14.72,0.56,8.13,-4.12
Aditya Birla Sun Life Focused Fund - Regular Plan,0.94,12.81,0.89,12.11,-1.51
Aditya Birla Sun Life Global Emerging Opportunities Fund - Regular Plan,-,15.53,0.1,-,-
Aditya Birla Sun Life Gold Fund - Regular Plan,0.93,10.48,0.77,8.73,-0.76
Aditya Birla Sun Life Infrastructure Fund - Regular Plan,0.56,15.05,1.47,39.47,3.5
Aditya Birla Sun Life International Equity Fund - Regular Plan,-,13.91,-0.17,-,-
Aditya Birla Sun Life Multi-Cap Fund - Regular Plan,0.86,12.13,1.15,16.29,2.21
Aditya Birla Sun Life Pharma & Healthcare Fund - Regular Plan,0.94,14.85,0.53,8.42,-0.37
Aditya Birla Sun Life PSU Equity Fund - Regular Plan,0.95,19.37,1.56,31.93,-2.33
Aditya Birla Sun Life Pure Value Fund - Regular Plan,1.03,16.16,1.01,15.85,3.76
Aditya Birla Sun Life Regular Savings Fund - Regular Plan,0.54,3.5,0.87,5.66,0.66
Aditya Birla Sun Life Special Opportunities Fund - Regular Plan,1.01,14,0.88,12.22,-1.51
,,,,,
FoFs,,,,,
Scheme,Beta,Stdev,Sharpe,Treynor,Alpha
Aditya Birla Sun Life Active Debt Multi-Manager FoF Scheme - Regular Plan,0.96,5.88,-0.64,-3.95,-3.97
Aditya Birla Sun Life Asset Allocator FoF - Regular Plan,0.52,7.4,1.19,16.85,3.87
Aditya Birla Sun Life Financial Planning FoF - Aggressive Plan - Regular Plan,0.71,8.97,1.2,15.07,4.02
Aditya Birla Sun Life Financial Planning FoF - Conservative Plan - Regular Plan,0.3,4.03,1.28,17.06,2.31
Aditya Birla Sun Life Financial Planning FoF - Moderate Plan - Regular Plan,0.49,6.32,1.25,16,3.24
Aditya Birla Sun Life Global Emerging Opportunities Fund - Regular Plan,-,15.53,0.1,-,-
Aditya Birla Sun Life Global Excellence Equity FoF - Retail Plan,-,17.33,0.4,-,-
Aditya Birla Sun Life Gold Fund - Regular Plan,0.93,10.48,0.77,8.73,-0.76
Aditya Birla Sun Life Multi - Index FoF - Regular Plan,-,-,-,-,-
Aditya Birla Sun Life NASDAQ 100 FOF - Regular Plan,-,-,-,-,-
Aditya Birla Sun Life Silver ETF FoF - Regular Plan,-,-,-,-,-
,,,,,
Equity Index Funds,,,,,
Scheme,Beta,Stdev,Sharpe,Treynor,Alpha
Aditya Birla Sun Life Nifty 50 Equal Weight Index Fund - Regular Plan,1.01,13.4,1.01,13.35,1.16
Aditya Birla Sun Life Nifty 50 Index Fund - Regular Plan,0.99,12.87,0.79,10.23,-1.95
Aditya Birla Sun Life Nifty Midcap 150 Index Fund - Regular Plan,1.02,15.01,1.31,19.18,-1.02
Aditya Birla Sun Life Nifty Next 50 Index Fund - Regular Plan,-,-,-,-,-
Aditya Birla Sun Life Nifty Smallcap 50 Index Fund - Regular Plan,1.16,21.48,0.7,12.96,-8.45
,,,,,
ETF Funds,,,,,
Scheme,Beta,Stdev,Sharpe,Treynor,Alpha
Aditya Birla Sun Life BSE Sensex ETF,0.97,12.82,0.8,10.53,-1.63
Aditya Birla Sun Life Gold ETF,1,11.06,0.78,8.62,-0.93
Aditya Birla Sun Life Nifty 200 Momentum 30 ETF,-,-,-,-,-
Aditya Birla Sun Life Nifty 200 Quality 30 ETF,-,-,-,-,-
Aditya Birla Sun Life Nifty 50 ETF,0.99,12.88,0.83,10.82,-1.37
Aditya Birla Sun Life Nifty Bank ETF,1,15.87,0.64,10.13,-0.37
Aditya Birla Sun Life Nifty Healthcare ETF,-,-,-,-,-
Aditya Birla Sun Life Nifty IT ETF,-,-,-,-,-
Aditya Birla Sun Life Nifty Next 50 ETF,1.12,16.93,1.03,15.56,3.77
Aditya Birla Sun Life Silver ETF,-,-,-,-,-
,,,,,
Balanced Advantage,,,,,
Scheme,Beta,Stdev,Sharpe,Treynor,Alpha
Aditya Birla Sun Life Balanced Advantage Fund - Regular Plan,0.53,6.51,0.96,11.69,1.2
Axis Balanced Advantage Fund - Regular Plan,0.61,7.69,0.99,12.48,1.87
Bandhan Balanced Advantage Fund - Regular Plan,0.53,7.03,0.63,8.4,-0.54
Baroda BNP Paribas Balanced Advantage Fund - Regular Plan,0.72,8.91,1.01,12.5,2.2
DSP Dynamic Asset Allocation Fund - Regular Plan,0.47,6.5,0.64,8.79,-0.3
Edelweiss Balanced Advantage Fund - Regular Plan,0.61,7.42,1.01,12.23,1.71
Franklin India Balanced Advantage Fund - Regular Plan,-,-,-,-,-
HDFC Balanced Advantage Fund,0.66,9.42,1.78,25.63,10.63
HSBC Balanced Advantage Fund,0.46,6.06,0.9,11.91,1.13
ICICI Prudential Balanced Advantage Fund,0.38,4.61,1.57,19.21,3.69
Kotak Balanced Advantage Fund - Regular Plan,0.48,5.83,1,12.21,1.33
LIC MF Balanced Advantage Fund - Regular Plan,-,-,-,-,-
Mirae Asset Balanced Advantage Fund - Regular Plan,-,-,-,-,-
Nippon India Balanced Advantage Fund,0.5,6.36,1.07,13.57,2.08
NJ Balanced Advantage Fund - Regular Plan,-,-,-,-,-
PGIM India Balanced Advantage Fund - Regular Plan,0.65,8.34,0.6,7.62,-1.19
SBI Balanced Advantage Fund - Regular Plan,-,-,-,-,-
Tata Balanced Advantage Fund - Regular Plan,0.51,6.14,1.15,13.72,2.2
Union Balanced Advantage Fund - Regular Plan,0.48,5.85,0.82,9.89,0.22
,,,,,
Aggressive Hybrid Fund,,,,,
Scheme,Beta,Stdev,Sharpe,Treynor,Alpha
Aditya Birla Sun Life Equity Hybrid '95 Fund - Regular Plan,0.76,9.62,0.83,10.48,0.79
Axis Equity Hybrid Fund - Regular Plan,0.89,10.93,0.51,6.31,-2.77
Canara Robeco Equity Hybrid Fund - Regular Plan,0.79,9.36,0.88,10.49,0.84
DSP Equity & Bond Fund,0.83,10.75,0.78,10.11,0.56
Franklin India Equity Hybrid Fund,0.75,9.19,1.04,12.8,2.52
HDFC Hybrid Equity Fund,0.72,8.75,1.07,12.92,2.52
HSBC Aggressive Hybrid Fund,0.79,10.56,0.96,12.76,2.64
ICICI Prudential Equity & Debt Fund,0.69,9.23,1.84,24.62,10.48
Kotak Equity Hybrid Fund - Regular Plan,0.7,8.65,1.25,15.48,4.22
Mirae Asset Aggressive Hybrid Fund - Regular Plan,0.77,9.27,0.88,10.5,0.82
Nippon India Equity Hybrid Fund,0.77,9.22,1.15,13.71,3.29
SBI Equity Hybrid Fund,0.73,8.95,0.89,10.82,1.01
Sundaram Aggressive Hybrid Fund,0.77,9.33,0.96,11.58,1.66
Tata Hybrid Equity Fund - Regular Plan,0.8,9.51,0.97,11.61,1.73
UTI Aggressive Hybrid Fund - Regular Plan,0.77,9.43,1.31,16.07,5.08
,,,,,
Large Cap Funds,,,,,
Scheme,Beta,Stdev,Sharpe,Treynor,Alpha
Aditya Birla Sun Life Frontline Equity Fund - Regular Plan,0.93,12.15,0.98,12.85,0.6
Axis Bluechip Fund,0.97,13.25,0.49,6.66,-5.41
Canara Robeco Bluechip Equity Fund - Regular Plan,0.9,11.86,0.86,11.31,-0.81
DSP Top 100 Equity Fund - Regular Plan,0.93,12.82,0.84,11.65,-0.52
Franklin India Bluechip Fund,0.86,11.58,0.72,9.75,-2.11
HDFC Top 100 Fund,0.91,12.29,1.18,15.85,3.32
ICICI Prudential Bluechip Fund,0.86,11.54,1.27,17.05,4.18
Kotak Bluechip Fund - Regular Plan,0.91,12.02,0.92,12.09,-0.1
Mirae Asset Large Cap Fund - Regular Plan,0.89,11.7,0.73,9.65,-2.27
Nippon India Large Cap Fund,0.95,12.66,1.4,18.58,6.06
SBI Bluechip Fund,0.88,11.72,0.93,12.3,0.08
Sundaram Large Cap Fund - Regular Plan,0.93,12.26,0.81,10.64,-1.46
UTI Large Cap Fund - Regular Plan,0.93,12.35,0.74,9.78,-2.26
,,,,,
Focused Funds,,,,,
Scheme,Beta,Stdev,Sharpe,Treynor,Alpha
360 ONE Focused Equity Fund - Regular Plan,0.91,12.89,1.15,16.35,2.39
Aditya Birla Sun Life Focused Fund - Regular Plan,0.94,12.81,0.89,12.11,-1.51
Axis Focused Fund,1.06,15.73,0.23,3.43,-10.87
Bandhan Focused Equity Fund - Regular Plan,0.95,13.64,0.83,11.91,-1.72
Canara Robeco Focused Equity Fund - Regular Plan,0.86,12.07,1.08,15.13,1.22
DSP Focus Fund,0.98,14.52,0.76,11.36,-2.3
Franklin India Focused Equity Fund,0.86,12.17,1.24,17.42,3.2
HDFC Focused 30 Fund,0.78,11.66,1.8,26.83,10.24
HSBC Focused Fund - Regular Plan,0.92,12.91,0.79,11.01,-2.49
ICICI Prudential Focused Equity Fund,0.9,12.68,1.34,18.83,4.61
Invesco India Focused Fund - Regular Plan,0.97,14.6,1.2,18.11,4.24
Kotak Focused Equity Fund - Regular Plan,0.89,12.17,0.99,13.47,-0.21
Mirae Asset Focused Fund - Regular Plan,0.8,11.53,0.48,6.95,-5.44
Nippon India Focused Equity Fund,0.94,13.5,0.99,14.1,0.37
SBI Focused Equity Fund,0.72,12.13,0.81,13.63,-0.06
Sundaram Focused Fund,0.95,13.1,0.82,11.32,-2.28
Tata Focused Equity Fund - Regular Plan,0.97,13.2,1.03,14.11,0.38
UTI Focused Fund - Regular Plan,-,-,-,-,-
,,,,,
Flexi Cap Funds,,,,,
Scheme,Beta,Stdev,Sharpe,Treynor,Alpha
Aditya Birla Sun Life Flexi Cap Fund - Regular Plan,0.96,13.03,0.84,11.32,-2.3
Axis Flexi Cap Fund - Regular Plan,0.95,13.56,0.64,9.2,-4.26
Bandhan Flexi Cap Fund - Regular Plan,0.88,12.46,0.93,13.12,-0.52
Canara Robeco Flexi Cap Fund - Regular Plan,0.91,12.39,0.87,11.86,-1.68
DSP Flexi Cap Fund,0.97,13.99,0.81,11.66,-2
Franklin India Flexi Cap Fund,0.91,12.54,1.28,17.59,3.54
HDFC Flexi Cap Fund,0.87,12.4,1.55,21.97,7.21
HSBC Flexi Cap Fund,0.89,12.1,1.24,16.94,2.86
ICICI Prudential Flexicap Fund,-,-,-,-,-
Kotak Flexicap Fund - Regular Plan,0.92,12.56,1,13.78,0.06
Mirae Asset Flexi Cap Fund - Regular Plan,-,-,-,-,-
Motilal Oswal Flexi Cap Fund - Regular Plan,0.85,13.32,0.95,14.84,0.96
Nippon India Flexi Cap Fund - Regular Plan,-,-,-,-,-
PGIM India Flexi Cap Fund - Regular Plan,0.9,13.12,0.61,8.88,-4.37
SBI Flexicap Fund,0.84,11.43,0.86,11.78,-1.62
Sundaram Flexi Cap Fund - Regular Plan,-,-,-,-,-
Tata Flexi Cap Fund - Regular Plan,0.85,11.88,0.85,11.89,-1.55
UTI Flexi Cap Fund - Regular Plan,0.95,14.09,0.31,4.62,-8.61
,,,,,
Large & Mid Cap Funds,,,,,
Scheme,Beta,Stdev,Sharpe,Treynor,Alpha
Aditya Birla Sun Life Equity Advantage Fund - Regular Plan,0.99,14.29,0.62,8.87,-4.28
Axis Growth Opportunities Fund - Regular Plan,0.92,14.11,0.89,13.67,0.45
Bandhan Core Equity Fund - Regular Plan,0.91,13.12,1.4,20.26,6.43
Canara Robeco Emerging Equities Fund - Regular Plan,0.91,12.7,1.02,14.24,0.96
DSP Equity Opportunities Fund,0.92,13.42,1.1,16,2.59
Edelweiss Large & Mid Cap Fund - Regular Plan,0.93,13.14,1.1,15.45,2.12
Franklin India Equity Advantage Fund,0.89,12.63,0.86,12.11,-0.96
HDFC Large and Mid Cap Fund - Regular Plan,0.94,13.3,1.4,19.79,6.22
HSBC Large and Mid Cap Fund - Regular Plan,0.89,13.47,1.23,18.74,4.93
ICICI Prudential Large & Mid Cap Fund,0.83,12.27,1.55,22.91,8.05
Invesco India Large & Mid Cap Fund,0.94,13.52,1.19,17.27,3.82
Kotak Equity Opportunities Fund - Regular Plan,0.86,12.07,1.35,18.94,4.95
LIC MF Large & Mid Cap Fund - Regular Plan,0.92,13.35,1.1,16.05,2.63
Mirae Asset Large & Midcap Fund - Regular Plan,0.9,12.52,0.98,13.57,0.35
Motilal Oswal Large and Midcap Fund - Regular Plan,0.91,13.99,1.38,21.33,7.38
Nippon India Vision Fund,0.93,12.71,1.31,18.02,4.48
SBI Large & Midcap Fund,0.83,12.12,1.18,17.18,3.31
Sundaram Large and Mid Cap Fund,0.96,13.27,0.99,13.61,0.41
Tata Large & Mid Cap Fund - Regular Plan,0.86,11.86,1.15,15.88,2.31
UTI Large & Mid Cap Fund - Regular Plan,0.91,12.86,1.27,17.99,4.36
,,,,,
Multi Cap,,,,,
Scheme,Beta,Stdev,Sharpe,Treynor,Alpha
Aditya Birla Sun Life Multi-Cap Fund - Regular Plan,0.86,12.13,1.15,16.29,2.21
Axis Multicap Fund - Regular Plan,-,-,-,-,-
Bandhan Multi Cap Fund - Regular Plan,-,-,-,-,-
Baroda BNP Paribas Multi Cap Fund,0.94,13.69,1.22,17.76,3.8
HDFC Multi Cap Fund - Regular Plan,-,-,-,-,-
HSBC Multi Cap Fund - Regular Plan,-,-,-,-,-
ICICI Prudential Multicap Fund,0.87,12.28,1.34,18.9,4.51
Invesco India Multicap Fund,0.89,13.14,1.03,15.1,1.24
Kotak Multicap Fund - Regular Plan,-,-,-,-,-
Mahindra Manulife Multi Cap Fund - Regular Plan,0.96,14.27,1.21,17.86,3.99
Nippon India Multi Cap Fund,0.9,13.23,1.76,25.97,11
SBI Multicap Fund - Regular Plan,-,-,-,-,-
Sundaram Multi Cap Fund,0.91,12.77,1.09,15.34,1.48
Tata Multicap Fund - Regular Plan,-,-,-,-,-
,,,,,
ESG Funds,,,,,
Scheme,Beta,Stdev,Sharpe,Treynor,Alpha
Aditya Birla Sun Life ESG Integration Strategy Fund - Regular Plan,1.01,14.72,0.56,8.13,-4.12
Axis ESG Integration Strategy Fund - Regular Plan,0.96,14.43,0.48,7.24,-4.74
ICICI Prudential ESG Exclusionary Strategy Fund,0.74,11.53,0.87,13.54,0.99
Invesco India ESG Integration Strategy Fund - Regular Plan,0.92,13.27,0.69,9.98,-2.06
Kotak ESG Exclusionary Strategy Fund - Regular Plan,0.95,13.17,0.64,8.83,-3.21
SBI ESG Exclusionary Strategy Fund,0.93,12.76,0.85,11.68,-0.49
,,,,,
ELSS Schemes,,,,,
Scheme,Beta,Stdev,Sharpe,Treynor,Alpha
Aditya Birla Sun Life ELSS Tax Saver - Regular Plan,0.88,12.08,0.64,8.74,-4.39
Axis ELSS Tax Saver Fund,1.06,15.84,0.4,6.03,-8.17
Bandhan ELSS Tax Saver Fund - Regular Plan,0.89,12.63,1.11,15.81,1.86
Canara Robeco ELSS Tax Saver Fund - Regular Plan,0.9,12.38,0.92,12.6,-1.01
DSP ELSS Tax Saver Fund,0.93,13.04,1.13,15.81,1.95
Franklin India ELSS Tax Saver Fund,0.92,12.66,1.22,16.68,2.74
HDFC ELSS Tax Saver Fund,0.86,11.67,1.63,22.2,7.27
HSBC ELSS Tax Saver Fund,0.94,13.58,1.07,15.47,1.65
ICICI Prudential ELSS Tax Saver,0.89,12.36,0.97,13.48,-0.21
Invesco India ELSS Tax Saver Fund,0.97,13.64,0.86,12.03,-1.63
Kotak ELSS Tax Saver - Regular Plan,0.82,11.5,1.27,17.8,3.36
Mirae Asset ELSS Tax Saver Fund - Regular Plan,0.91,12.32,0.96,12.95,-0.7
Motilal Oswal ELSS Tax Saver Fund - Regular Plan,0.96,14.1,1.31,19.28,5.35
Nippon India ELSS Tax Saver Fund,0.97,13.15,1.2,16.29,2.5
Parag Parikh ELSS Tax Saver Fund - Regular Plan,0.65,9.94,1.45,22.37,5.6
SBI Long Term Equity Fund - Regular Plan,0.95,13.34,1.51,21.2,7.1
Sundaram ELSS Tax Saver Fund,0.87,11.99,1.04,14.35,0.56
Tata ELSS Tax Saver Fund,0.96,13.2,1.04,14.21,0.48
UTI ELSS Tax Saver Fund,0.93,13.08,0.79,11.14,-2.39
,,,,,
Midcap Funds,,,,,
Scheme,Beta,Stdev,Sharpe,Treynor,Alpha
Aditya Birla Sun Life Mid Cap Fund - Regular Plan,0.92,14.22,1.18,18.17,-1.85
Axis Midcap Fund,0.82,13.61,1.09,18.11,-1.7
Baroda BNP Paribas Midcap Fund,0.83,12.8,1.32,20.2,0.02
Canara Robeco Mid Cap Fund - Regular Plan,-,-,-,-,-
DSP Midcap Fund - Regular Plan,0.97,14.92,0.84,12.89,-7.06
Edelweiss Mid Cap Fund - Regular Plan,0.95,14.44,1.37,20.76,0.55
Franklin India Prima Fund,0.95,14.4,1.16,17.64,-2.41
HDFC Mid-Cap Opportunities Fund,0.88,13.19,1.63,24.53,3.82
HSBC Midcap Fund,0.86,13.07,1.34,20.39,0.18
ICICI Prudential Midcap Fund,0.96,14.76,1.23,18.98,-1.15
Invesco India Mid Cap Fund,0.94,14.34,1.3,19.93,-0.24
Kotak Emerging Equity Fund - Regular Plan,0.82,12.8,1.39,21.66,1.21
Mahindra Manulife Mid Cap Fund - Regular Plan,0.99,15.01,1.34,20.34,0.16
Mirae Asset Midcap Fund - Regular Plan,0.93,14.12,1.18,17.95,-2.07
Motilal Oswal Midcap Fund - Regular Plan,0.87,15.03,1.94,33.62,11.63
Nippon India Growth Fund,0.94,14.38,1.54,23.45,3.08
PGIM India Midcap Opportunities Fund - Regular Plan,0.84,13.96,0.95,15.67,-3.81
SBI Magnum Midcap Fund,0.75,12.13,1.46,23.47,2.48
Sundaram Mid Cap Fund - Regular Plan,0.9,13.63,1.4,21.26,0.97
Tata Midcap Growth Fund - Regular Plan,0.87,13.3,1.39,21.22,0.91
UTI Mid Cap Fund - Regular Plan,0.89,13.62,1.11,16.98,-2.85
,,,,,
Small Cap Funds,,,,,
Scheme,Beta,Stdev,Sharpe,Treynor,Alpha
Aditya Birla Sun Life Small Cap Fund - Regular Plan,0.84,15.77,0.9,16.78,-2.94
Axis Small Cap Fund - Regular Plan,0.63,12.1,1.41,27.04,4.28
Bandhan Small Cap Fund - Regular Plan,0.89,17.04,1.19,22.61,2.09
Canara Robeco Small Cap Fund - Regular Plan,0.74,14.31,1.41,27.18,5.12
DSP Small Cap Fund - Regular Plan,0.88,16.55,1.11,20.95,0.6
Edelweiss Small Cap Fund - Regular Plan,0.78,14.69,1.33,24.98,3.68
Franklin India Smaller Companies Fund,0.77,14.84,1.62,31.17,8.42
HDFC Small Cap Fund - Regular Plan,0.8,15.04,1.27,23.74,2.79
HSBC Small Cap Fund,0.81,15.28,1.52,28.62,6.75
ICICI Prudential Smallcap Fund,0.7,13.9,1.36,27.04,4.75
Invesco India Smallcap Fund - Regular Plan,0.76,14.91,1.35,26.38,4.65
Kotak Small Cap Fund - Regular Plan,0.68,13.66,1.23,24.54,2.93
Mahindra Manulife Small Cap Fund - Regular Plan,-,-,-,-,-
Nippon India Small Cap Fund,0.79,14.77,1.66,31.15,8.59
PGIM India Small Cap Fund - Regular Plan,-,-,-,-,-
SBI Small Cap Fund,0.62,12.05,1.4,27.27,4.32
Sundaram Small Cap Fund - Regular Plan,0.76,14.31,1.26,23.8,2.68
Tata Small Cap Fund - Regular Plan,0.7,13.69,1.44,28.23,5.56
Union Small Cap Fund - Regular Plan,0.74,15.06,1.1,22.39,1.57
UTI Small Cap Fund - Regular Plan,0.74,14.54,1.14,22.46,1.62
,,,,,
Value Funds,,,,,
Scheme,Beta,Stdev,Sharpe,Treynor,Alpha
Aditya Birla Sun Life Pure Value Fund - Regular Plan,1.03,16.16,1.01,15.85,3.76
Bandhan Sterling Value Fund - Regular Plan,0.83,13.35,1.32,21.29,7.54
Canara Robeco Value Fund - Regular Plan,-,-,-,-,-
HDFC Capital Builder Value Fund,0.96,13.18,1.19,16.39,4.01
HSBC Value Fund,0.93,13.8,1.49,22.1,9.18
ICICI Prudential Value Discovery Fund,0.75,11.04,1.66,24.34,9.13
Nippon India Value Fund,0.99,13.99,1.34,19.11,6.8
Quantum Long Term Equity Value Fund - Regular Plan,0.87,12.09,1.05,14.55,2.05
Tata Equity PE Fund - Regular Plan,0.93,12.84,1.46,20.14,7.38
Templeton India Value Fund,0.9,13.04,1.5,21.7,8.53
UTI Value Fund - Regular Plan,0.92,12.83,1.09,15.14,2.71
,,,,,
Sector-MNC Schemes,,,,,
Scheme,Beta,Stdev,Sharpe,Treynor,Alpha
Aditya Birla Sun Life MNC Fund - Regular Plan,0.77,12.5,0.62,10.06,-2.81
ICICI Prudential MNC Fund,0.68,10.08,1.22,17.99,2.92
SBI Magnum Global Fund,0.6,10.99,0.63,11.52,-1.32
UTI MNC Fund - Regular Plan,0.72,11.06,0.97,14.84,0.82
,,,,,
Gennext,,,,,
Scheme,Beta,Stdev,Sharpe,Treynor,Alpha
Aditya Birla Sun Life India GenNext Fund - Regular Plan,0.75,12.4,1.06,17.55,-1.24
Baroda BNP Paribas India Consumption Fund - Regular Plan,0.74,12.04,1.13,18.51,-0.52
Canara Robeco Consumer Trends Fund - Regular Plan,0.78,12.81,1.13,18.53,-0.54
ICICI Prudential Bharat Consumption Fund,0.59,10.31,1.6,27.79,5.08
Mirae Asset Great Consumer Fund - Regular Plan,0.76,12.5,1.24,20.44,0.93
Nippon India Consumption Fund,0.69,12.04,1.46,25.45,4.31
Sundaram Consumption Fund - Regular Plan,0.75,12.15,1.07,17.41,-1.34
Tata India Consumer Fund - Regular Plan,0.83,13.46,1.07,17.37,-1.53
UTI India Consumer Fund - Regular Plan,0.77,12.59,0.92,15.15,-3.12
,,,,,
Banking & Financial Services,,,,,
Scheme,Beta,Stdev,Sharpe,Treynor,Alpha
Aditya Birla Sun Life Banking & Financial Services Fund - Regular Plan,0.91,15.87,0.68,11.84,1.21
HDFC Banking & Financial Services Fund - Regular Plan,-,-,-,-,-
ICICI Prudential Banking and Financial Services Fund,0.83,13.94,0.62,10.54,0.03
Invesco India Financial Services Fund,0.84,15.19,0.85,15.23,3.98
Kotak Banking & Financial Services Fund - Regular Plan,-,-,-,-,-
Mirae Asset Banking and Financial Services Fund - Regular Plan,0.89,15.31,0.76,13,2.23
Nippon India Banking & Financial Services Fund,0.89,15.22,0.88,15.07,4.07
SBI Banking & Financial Services Fund - Regular Plan,0.86,14.74,0.71,12.27,1.51
Sundaram Financial Services Opportunities Fund - Regular Plan,0.87,14.88,1,17.09,5.73
Tata Banking and Financial Services Fund - Regular Plan,0.89,15.49,0.69,12,1.33
UTI Banking and Financial Services Fund - Regular Plan,0.9,15.42,0.67,11.54,0.93
,,,,,
Digital Funds,,,,,
Scheme,Beta,Stdev,Sharpe,Treynor,Alpha
Aditya Birla Sun Life Digital India Fund - Regular Plan,0.88,18.13,0.45,9.22,3.44
Franklin India Technology Fund,0.77,17.44,0.68,15.56,7.88
ICICI Prudential Technology Fund,0.88,18.4,0.42,8.84,3.14
SBI Technology Opportunities Fund,0.81,17.12,0.53,11.25,4.81
Tata Digital India Fund - Regular Plan,0.91,18.84,0.5,10.3,4.57
,,,,,
Dividend Yield Fund,,,,,
Scheme,Beta,Stdev,Sharpe,Treynor,Alpha
Aditya Birla Sun Life Dividend Yield Fund - Regular Plan,0.91,13.83,1.25,19.08,4.88
HDFC Dividend Yield Fund - Regular Plan,0.92,12.67,1.48,20.39,6.15
ICICI Prudential Dividend Yield Equity Fund,0.81,11.61,1.83,26.27,10.16
LIC MF Dividend Yield Fund - Regular Plan,0.96,13.57,1.28,17.98,4.11
SBI Dividend Yield Fund - Regular Plan,-,-,-,-,-
Sundaram Dividend Yield Fund,0.85,11.82,1.17,16.3,2.19
Tata Dividend Yield Fund - Regular Plan,0.95,13.28,1.11,15.53,1.73
Templeton India Equity Income Fund,0.67,10.89,1.47,24.1,6.92
UTI Dividend Yield Fund - Regular Plan,0.93,13.49,1.07,15.43,1.6
,,,,,
PSU Funds,,,,,
Scheme,Beta,Stdev,Sharpe,Treynor,Alpha
Aditya Birla Sun Life PSU Equity Fund - Regular Plan,0.95,19.37,1.56,31.93,-2.33
ICICI Prudential PSU Equity Fund,-,-,-,-,-
Invesco India PSU Equity Fund,0.86,18.38,1.62,34.7,0.27
SBI PSU Fund,0.99,20.5,1.45,30.21,-4.12
,,,,,
Make in India,,,,,
Scheme,Beta,Stdev,Sharpe,Treynor,Alpha
Aditya Birla Sun Life Manufacturing Equity Fund - Regular Plan,0.94,13.5,0.89,12.78,-0.88
Axis India Manufacturing Fund - Regular Plan,-,-,-,-,-
ICICI Prudential Manufacturing Fund,0.91,13.11,1.8,25.99,11.15
Kotak Manufacture in India Fund - Regular Plan,-,-,-,-,-
,,,,,
Special Opportunities,,,,,
Scheme,Beta,Stdev,Sharpe,Treynor,Alpha
Aditya Birla Sun Life Special Opportunities Fund - Regular Plan,1.01,14,0.88,12.22,-1.51
Axis Innovation Fund - Regular Plan,0.91,13.91,0.72,10.96,-2.5
Franklin India Opportunities Fund,0.96,15.16,1.51,23.87,9.75
ICICI Prudential India Opportunities Fund,0.81,12.59,1.68,26.15,10.06
,,,,,
Pharma & Healthcare Fund,,,,,
Scheme,Beta,Stdev,Sharpe,Treynor,Alpha
Aditya Birla Sun Life Pharma & Healthcare Fund - Regular Plan,0.94,14.85,0.53,8.42,-0.37
DSP Healthcare Fund - Regular Plan,0.9,14.76,0.68,11.13,2.1
ICICI Prudential Pharma Healthcare and Diagnostics (P.H.D) Fund,0.88,14.01,0.77,12.16,2.96
Mirae Asset Healthcare Fund - Regular Plan,0.93,14.67,0.55,8.66,-0.13
Nippon India Pharma Fund,0.91,14.28,0.58,9.06,0.23
SBI Healthcare Opportunities Fund,0.89,14.18,0.72,11.43,2.34
Tata India Pharma & Healthcare Fund - Regular Plan,0.91,14.29,0.68,10.58,1.62
UTI Healthcare Fund - Regular Plan,0.92,14.44,0.52,8.11,-0.64
,,,,,
Infrastructure Funds,,,,,
Scheme,Beta,Stdev,Sharpe,Treynor,Alpha
Aditya Birla Sun Life Infrastructure Fund - Regular Plan,0.56,15.05,1.47,39.47,3.5
Bandhan Infrastructure Fund - Regular Plan,0.57,15.93,1.68,46.89,7.78
DSP India T.I.G.E.R. Fund - Regular Plan,0.52,14.53,1.91,53.82,10.63
Franklin Build India Fund,0.56,14.26,1.88,48.31,8.39
HDFC Infrastructure Fund,0.59,16.13,1.77,48.33,8.93
HSBC Infrastructure Fund,0.52,14.68,1.82,51.67,9.54
ICICI Prudential Infrastructure Fund,0.54,13.28,2.21,54.75,11.53
Invesco India Infrastructure Fund,0.51,14.63,1.8,51.65,9.41
Kotak Infrastructure and Economic Reform Fund - Standard Plan,0.41,12.33,2.16,65.64,13.13
Nippon India Power & Infra Fund,0.58,15.15,1.96,51.19,10.41
SBI Infrastructure Fund,0.45,12.36,2.02,56.08,10.19
Sundaram Infrastructure Advantage Fund - Regular Plan,0.53,14.14,1.53,40.95,4.08
Tata Infrastructure Fund - Regular Plan,0.5,13.75,1.92,52.24,9.6
UTI Infrastructure Fund - Regular Plan,0.5,13.34,1.51,40.18,3.48
,,,,,
Equity Savings,,,,,
Scheme,Beta,Stdev,Sharpe,Treynor,Alpha
Aditya Birla Sun Life Equity Savings Fund - Direct Plan,0.74,4.79,0.47,3.02,-1.05
Bandhan Equity Savings Fund - Direct Plan,0.47,2.86,0.91,5.5,0.5
Franklin India Equity Savings Fund - Direct Plan,0.61,4.07,0.85,5.7,0.76
ICICI Prudential Equity Savings Fund - Direct Plan,0.26,2.05,1.56,12.3,2.04
Nippon India Equity Savings Fund - Direct Plan,0.6,4.1,0.86,5.82,0.83
PGIM India Equity Savings Fund - Direct Plan,0.34,2.13,0.95,5.99,0.52
,,,,,
Resurgent Series,,,,,
Scheme,Beta,Stdev,Sharpe,Treynor,Alpha
,,,,,
Conservative Hybrid,,,,,
Scheme,Beta,Stdev,Sharpe,Treynor,Alpha
Aditya Birla Sun Life Regular Savings Fund - Direct Plan,0.54,3.5,1.13,7.38,1.58
Axis Regular Saver Fund - Direct Plan,0.65,4.01,0.59,3.65,-0.51
Baroda BNP Paribas Conservative Hybrid Fund - Direct Plan,0.56,3.42,1.03,6.24,1.01
Canara Robeco Conservative Hybrid Fund - Direct Plan,0.55,3.33,0.95,5.69,0.7
Franklin India Debt Hybrid Fund - Direct Plan,0.57,3.47,1.01,6.16,0.98
HDFC Hybrid Debt Fund - Direct Plan,0.6,3.83,1.4,8.96,2.7
ICICI Prudential Regular Savings Fund - Direct Plan,0.52,3.2,1.5,9.21,2.48
Kotak Debt Hybrid Fund - Direct Plan,0.66,4.3,1.46,9.45,3.32
Nippon India Hybrid Bond Fund - Direct Plan,0.32,2.11,1.5,9.91,1.75
Parag Parikh Conservative Hybrid Fund - Direct Plan,0.39,3.29,1.7,14.26,3.86
SBI Conservative Hybrid Fund - Direct Plan,0.44,3.21,1.69,12.2,3.44
UTI Conservative Hybrid Fund - Direct Plan,0.68,4.35,1.18,7.57,2.12
,,,,,
Pure International Plan,,,,,
Scheme,Beta,Stdev,Sharpe,Treynor,Alpha
Aditya Birla Sun Life International Equity Fund - Regular Plan,-,13.91,-0.17,-,-
Kotak Global Emerging Market - Regular Plan,-,14.99,-0.46,-,-
PGIM India Emerging Markets Equity Fund,-,17.93,-0.87,-,-
Sundaram Global Brand Fund,-,15.73,0.15,-,-
,,,,,
Arbitrage Funds,,,,,
Scheme,Beta,Stdev,Sharpe,Treynor,Alpha
Aditya Birla Sun Life Arbitrage Fund - Regular Plan,0.95,0.67,0.03,0.02,1.96
Axis Arbitrage Fund - Regular Plan,0.8,0.66,0.15,0.12,1.73
Bandhan Arbitrage Fund - Regular Plan,1,0.69,0.02,0.01,2.04
DSP Arbitrage Fund - Regular Plan,1.02,0.69,-0.03,-0.02,2.05
Edelweiss Arbitrage Fund - Regular Plan,0.92,0.68,0.28,0.21,2.05
HDFC Arbitrage Fund - Wholesale Plan,0.98,0.7,0.09,0.07,2.05
HSBC Arbitrage Fund - Regular Plan,0.98,0.69,-0.16,-0.11,1.89
ICICI Prudential Equity Arbitrage Fund,0.93,0.67,0.13,0.09,1.98
Invesco India Arbitrage Fund,0.84,0.66,0.62,0.49,2.11
Kotak Equity Arbitrage Fund - Regular Plan,0.91,0.71,0.5,0.39,2.22
Nippon India Arbitrage Fund,0.91,0.65,0.08,0.06,1.91
SBI Arbitrage Opportunities Fund,0.84,0.7,0.57,0.47,2.11
Tata Arbitrage Fund - Regular Plan,1.01,0.68,-0.02,-0.01,2.04
UTI Arbitrage Fund - Regular Plan,0.93,0.69,0.09,0.07,1.97
,,,,,
Banking ETF,,,,,
Scheme,Beta,Stdev,Sharpe,Treynor,Alpha
Aditya Birla Sun Life Nifty Bank ETF,1,15.87,0.64,10.13,-0.37
DSP Nifty Bank ETF,-,-,-,-,-
HDFC NIFTY Bank ETF,0.99,15.86,0.63,10.1,-0.4
ICICI Prudential Nifty Bank ETF,1,15.87,0.64,10.15,-0.35
Kotak Nifty Bank ETF,1,15.87,0.63,10.07,-0.43
Nippon India ETF Nifty Bank BeES,1,15.87,0.63,10.12,-0.39
SBI Nifty Bank ETF,1,15.87,0.63,10.11,-0.39
UTI Nifty Bank ETF,1,15.88,0.64,10.2,-0.3
,,,,,
Index Funds,,,,,
Scheme,Beta,Stdev,Sharpe,Treynor,Alpha
Aditya Birla Sun Life Nifty 50 ETF,0.99,12.88,0.83,10.82,-1.37
Aditya Birla Sun Life Nifty 50 Index Fund - Regular Plan,0.99,12.87,0.79,10.23,-1.95
Bandhan Nifty 50 Index Fund - Regular Plan,0.99,12.84,0.79,10.3,-1.88
Franklin India NSE Nifty 50 Index,0.98,12.76,0.78,10.14,-2.02
HDFC Index Fund Nifty 50 Plan,0.99,12.87,0.8,10.41,-1.78
ICICI Prudential Nifty 50 ETF,0.99,12.87,0.83,10.83,-1.36
ICICI Prudential Nifty 50 Index Fund,0.99,12.87,0.8,10.41,-1.78
Kotak Nifty 50 ETF,0.99,12.87,0.82,10.73,-1.46
Nippon India ETF Nifty 50 BeES,0.99,12.87,0.83,10.82,-1.37
Nippon India Index Fund - Nifty 50 Plan,0.99,12.87,0.77,9.99,-2.19
SBI Nifty Index Fund,0.99,12.88,0.79,10.28,-1.9
UTI Nifty 50 Index Fund - Regular Plan,0.99,12.87,0.81,10.49,-1.69
,,,,,
FoFs-Moderate Plans,,,,,
Scheme,Beta,Stdev,Sharpe,Treynor,Alpha
Aditya Birla Sun Life Financial Planning FoF - Moderate Plan - Regular Plan,0.49,6.32,1.25,16,3.24
Bandhan Asset Allocation Fund - Moderate Plan - Regular Plan,0.51,6.44,0.83,10.39,0.49
HSBC Managed Solutions India - Moderate - Regular Plan,0.71,8.85,0.9,11.22,1.27
ICICI Prudential Asset Allocator (FOF) Fund,0.31,4.02,1.92,24.76,4.78
,,,,,
Commodity Funds,,,,,
Scheme,Beta,Stdev,Sharpe,Treynor,Alpha
Aditya Birla Sun Life Global Emerging Opportunities Fund - Regular Plan,-,15.53,0.1,-,-
DSP World Energy Fund - Regular Plan,-,21.67,-0.04,-,-
DSP World Gold FoF - Regular Plan,-,28.02,0.01,-,-
,,,,,
Dynamic Allocation Funds,,,,,
Scheme,Beta,Stdev,Sharpe,Treynor,Alpha
Aditya Birla Sun Life Asset Allocator FoF - Direct Plan,0.52,7.4,1.33,18.89,4.93
Aditya Birla Sun Life Balanced Advantage Fund - Direct Plan,0.53,6.51,1.14,13.99,2.43
Axis Balanced Advantage Fund - Direct Plan,0.61,7.67,1.17,14.69,3.2
Bandhan Asset Allocation Fund - Moderate Plan - Direct Plan,0.52,6.44,0.93,11.62,1.12
Bandhan Balanced Advantage Fund - Direct Plan,0.53,7.04,0.83,11.05,0.85
Baroda BNP Paribas Balanced Advantage Fund - Direct Plan,0.72,8.92,1.16,14.33,3.52
DSP Dynamic Asset Allocation Fund - Direct Plan,0.47,6.5,0.83,11.43,0.94
Edelweiss Balanced Advantage Fund - Direct Plan,0.61,7.43,1.18,14.33,3.01
Franklin India Balanced Advantage Fund - Direct Plan,-,-,-,-,-
Franklin India Dynamic Asset Allocation Fund of Funds - Direct Plan,0.54,6.84,1.69,21.45,6.48
HDFC Asset Allocator FoF - Direct Plan,0.5,6.43,1.68,21.54,6.06
HDFC Balanced Advantage Fund - Direct Plan,0.66,9.43,1.85,26.61,11.27
HSBC Balanced Advantage Fund - Direct Plan,0.46,6.06,1.12,14.9,2.5
ICICI Prudential Asset Allocator Fund (FOF) - Direct Plan,0.31,4.02,2.21,28.41,5.93
ICICI Prudential Balanced Advantage Fund - Direct Plan,0.38,4.62,1.71,20.89,4.33
Kotak Balanced Advantage Fund - Direct Plan,0.48,5.82,1.22,14.79,2.56
Kotak Multi Asset Allocator FoF -  Dynamic - Direct Plan,0.64,8.18,1.73,21.99,8.08
LIC MF Balanced Advantage Fund - Direct Plan,-,-,-,-,-
Mirae Asset Balanced Advantage Fund - Direct Plan,-,-,-,-,-
Nippon India Asset Allocator FoF - Direct Plan,0.49,7.37,1.86,27.7,9.02
Nippon India Balanced Advantage Fund - Direct Plan,0.5,6.36,1.28,16.16,3.39
NJ Balanced Advantage Fund - Direct Plan,-,-,-,-,-
PGIM India Balanced Advantage Fund - Direct Plan,0.65,8.33,0.81,10.3,0.57
Quantum Multi Asset Fund of Funds - Direct Plan,0.35,4.47,1.17,14.92,1.93
SBI Balanced Advantage Fund - Direct Plan,-,-,-,-,-
Tata Balanced Advantage Fund - Direct Plan,0.51,6.14,1.4,16.69,3.73
Union Balanced Advantage Fund - Direct Plan,0.49,5.84,1.04,12.46,1.47
,,,,,
Asset Allocator Funds,,,,,
Scheme,Beta,Stdev,Sharpe,Treynor,Alpha
Aditya Birla Sun Life Asset Allocator FoF - Regular Plan,0.52,7.4,1.19,16.85,3.87
Bandhan Asset Allocation Fund - Aggressive Plan - Regular Plan,0.72,8.93,0.9,11.09,1.2
Bandhan Asset Allocation Fund - Conservative Plan - Regular Plan,0.59,3.55,0.61,3.64,-0.47
Bandhan Asset Allocation Fund - Moderate Plan - Regular Plan,0.51,6.44,0.83,10.39,0.49
Franklin India Dynamic Asset Allocation Fund of Funds,0.54,6.83,1.55,19.67,5.52
Franklin India Multi Asset Solution Fund of Funds,0.33,4.89,1.28,18.81,3.12
HDFC Asset Allocator FoF - Regular Plan,0.5,6.46,1.49,19.04,4.84
ICICI Prudential Asset Allocator (FOF) Fund,0.31,4.02,1.92,24.76,4.78
Kotak Multi Asset Allocator FoF -  Dynamic Regular Plan,0.64,8.19,1.63,20.74,7.27
Motilal Oswal Asset Allocation Passive FoF - Aggressive - Regular Plan,0.73,9.02,0.94,11.67,1.62
Motilal Oswal Asset Allocation Passive FoF - Conservative - Regular Plan,0.46,5.86,0.85,10.83,0.64
Nippon India Asset Allocator FoF - Regular Plan,0.49,7.37,1.72,25.59,7.99
,,,,,
Financial Planning Funds,,,,,
Scheme,Beta,Stdev,Sharpe,Treynor,Alpha
Aditya Birla Sun Life Financial Planning FoF - Aggressive Plan - Regular Plan,0.71,8.97,1.2,15.07,4.02
Aditya Birla Sun Life Financial Planning FoF - Conservative Plan - Regular Plan,0.3,4.03,1.28,17.06,2.31
Aditya Birla Sun Life Financial Planning FoF - Moderate Plan - Regular Plan,0.49,6.32,1.25,16,3.24
,,,,,
International Funds,,,,,
Scheme,Beta,Stdev,Sharpe,Treynor,Alpha
Aditya Birla Sun Life Global Emerging Opportunities Fund - Regular Plan,-,15.53,0.1,-,-
Aditya Birla Sun Life Global Excellence Equity FoF - Retail Plan,-,17.33,0.4,-,-
DSP World Energy Fund - Regular Plan,-,21.67,-0.04,-,-
DSP World Mining Fund - Regular Plan,-,26.32,0.05,-,-
Edelweiss Emerging Markets Opportunities Equity Offshore Fund - Regular Plan,-,16.85,-0.58,-,-
Franklin India Feeder - Templeton European Opportunities Fund,-,17.84,-0.14,-,-
Franklin India Feeder Franklin US Opportunities Fund,-,21.05,0.11,-,-
HSBC Brazil Fund,-,28.69,-0.31,-,-
HSBC Global Emerging Markets Fund,-,16.62,-0.44,-,-
Kotak Global Emerging Market - Regular Plan,-,14.99,-0.46,-,-
PGIM India Emerging Markets Equity Fund,-,17.93,-0.87,-,-
PGIM India Global Equity Opportunities Fund,-,22.3,0.05,-,-
,,,,,
Gold FoF,,,,,
Scheme,Beta,Stdev,Sharpe,Treynor,Alpha
Aditya Birla Sun Life Gold Fund - Regular Plan,0.93,10.48,0.77,8.73,-0.76
Axis Gold Fund,0.92,10.4,0.82,9.31,-0.22
Edelweiss Gold and Silver ETF FoF - Regular Plan,-,-,-,-,-
HDFC Gold Fund,0.96,10.75,0.79,8.87,-0.65
ICICI Prudential Regular Gold Savings Fund (FOF),0.96,10.74,0.8,8.92,-0.6
Invesco India Gold ETF FoF,0.97,11.1,0.77,8.8,-0.72
Kotak Gold Fund - Regular Plan,0.93,10.47,0.76,8.61,-0.87
LIC MF Gold ETF FoF,0.93,10.63,0.81,9.25,-0.28
Motilal Oswal Gold and Silver ETFs FoF - Regular Plan,-,-,-,-,-
Nippon India Gold Savings Fund,0.95,10.62,0.77,8.68,-0.82
Quantum Gold Savings - Regular Plan,0.95,10.68,0.79,8.79,-0.73
SBI Gold Fund,0.96,10.78,0.8,8.91,-0.62
UTI Gold ETF FoF - Regular Plan,-,-,-,-,-
,,,,,
Aggressive Hybrid Fund FoF,,,,,
Scheme,Beta,Stdev,Sharpe,Treynor,Alpha
Aditya Birla Sun Life Equity Hybrid '95 Fund - Regular Plan,0.76,9.62,0.83,10.48,0.79
Aditya Birla Sun Life Financial Planning FoF - Aggressive Plan - Regular Plan,0.71,8.97,1.2,15.07,4.02
Axis Equity Hybrid Fund - Regular Plan,0.89,10.93,0.51,6.31,-2.77
Bandhan Asset Allocation Fund - Aggressive Plan - Regular Plan,0.72,8.93,0.9,11.09,1.2
Bandhan Hybrid Equity Fund - Regular Plan,0.81,10.11,0.78,9.74,0.25
Baroda BNP Paribas Aggressive Hybrid Fund - Regular Plan,0.75,9.28,1.04,12.86,2.58
Canara Robeco Equity Hybrid Fund - Regular Plan,0.79,9.36,0.88,10.49,0.84
DSP Equity & Bond Fund,0.83,10.75,0.78,10.11,0.56
Franklin India Equity Hybrid Fund,0.75,9.19,1.04,12.8,2.52
HDFC Hybrid Equity Fund,0.72,8.75,1.07,12.92,2.52
HSBC Aggressive Hybrid Fund,0.79,10.56,0.96,12.76,2.64
HSBC Managed Solutions India - Growth - Regular Plan,0.86,10.76,0.95,11.88,2.11
ICICI Prudential Equity & Debt Fund,0.69,9.23,1.84,24.62,10.48
LIC MF Aggressive Hybrid Fund,0.77,9.35,0.82,9.95,0.4
Mirae Asset Aggressive Hybrid Fund - Regular Plan,0.77,9.27,0.88,10.5,0.82
Motilal Oswal Asset Allocation Passive FoF - Aggressive - Regular Plan,0.73,9.02,0.94,11.67,1.62
Nippon India Equity Hybrid Fund,0.77,9.22,1.15,13.71,3.29
SBI Equity Hybrid Fund,0.73,8.95,0.89,10.82,1.01
Sundaram Aggressive Hybrid Fund,0.77,9.33,0.96,11.58,1.66
Tata Hybrid Equity Fund - Regular Plan,0.8,9.51,0.97,11.61,1.73
UTI Aggressive Hybrid Fund - Regular Plan,0.77,9.43,1.31,16.07,5.08
,,,,,
Financial Planning Funds - Conservative,,,,,
Scheme,Beta,Stdev,Sharpe,Treynor,Alpha
Aditya Birla Sun Life Financial Planning FoF - Conservative Plan - Regular Plan,0.3,4.03,1.28,17.06,2.31
,,,,,
Financial Planning Funds - Moderate,,,,,
Scheme,Beta,Stdev,Sharpe,Treynor,Alpha
Aditya Birla Sun Life Financial Planning FoF - Moderate Plan - Regular Plan,0.49,6.32,1.25,16,3.24
HSBC Managed Solutions India - Moderate - Regular Plan,0.71,8.85,0.9,11.22,1.27
,,,,,
Gold ETF,,,,,
Scheme,Beta,Stdev,Sharpe,Treynor,Alpha
Aditya Birla Sun Life Gold ETF,1,11.06,0.78,8.62,-0.93
Axis Gold ETF,0.95,10.63,0.82,9.17,-0.36
DSP Gold ETF,-,-,-,-,-
HDFC Gold Exchange Traded Fund,0.99,11.01,0.78,8.73,-0.81
ICICI Prudential Gold Exchange Traded Fund,0.99,10.96,0.81,8.92,-0.63
Invesco India Gold ETF,1.02,11.33,0.78,8.69,-0.87
Kotak Gold ETF,0.99,11,0.78,8.67,-0.87
LIC MF Gold ETF,1.03,11.48,0.79,8.84,-0.74
Mirae Asset Gold ETF,-,-,-,-,-
Nippon India ETF Gold BeES,0.99,10.91,0.78,8.66,-0.88
Quantum Gold Fund,1.02,11.38,0.77,8.5,-1.07
SBI Gold ETF,1.01,11.22,0.76,8.47,-1.09
UTI Gold Exchange Traded Fund,1.04,11.56,0.77,8.53,-1.06
,,,,,
Nifty Fund,,,,,
Scheme,Beta,Stdev,Sharpe,Treynor,Alpha
Aditya Birla Sun Life Nifty 50 Index Fund - Regular Plan,0.99,12.87,0.79,10.23,-1.95
Axis Nifty 50 Index Fund - Regular Plan,-,-,-,-,-
Bandhan Nifty 50 Index Fund - Regular Plan,0.99,12.84,0.79,10.3,-1.88
DSP Nifty 50 Index Fund - Regular Plan,0.99,12.88,0.8,10.4,-1.78
Edelweiss Nifty 50 Index Fund,1.21,56.99,-0.38,-18.03,-36.62
Franklin India NSE Nifty 50 Index,0.98,12.76,0.78,10.14,-2.02
HDFC Index Fund Nifty 50 Plan,0.99,12.87,0.8,10.41,-1.78
HSBC Nifty 50 Index Fund - Regular Plan,0.99,12.85,0.79,10.33,-1.86
ICICI Prudential Nifty 50 Index Fund,0.99,12.87,0.8,10.41,-1.78
Kotak Nifty 50 Index Fund - Regular Plan,0.98,12.82,0.78,10.22,-1.96
LIC MF Nifty 50 Index Plan,0.99,12.85,0.76,9.86,-2.31
Motilal Oswal Nifty 50 Index Fund - Regular Plan,0.99,12.87,0.78,10.21,-1.97
Navi Nifty 50 Index Fund - Regular Plan,-,-,-,-,-
Nippon India Index Fund - Nifty 50 Plan,0.99,12.87,0.77,9.99,-2.19
SBI Nifty Index Fund,0.99,12.88,0.79,10.28,-1.9
Tata Nifty 50 Index Fund - Regular Plan,0.98,12.82,0.79,10.29,-1.89
Taurus Nifty 50 Index Fund - Regular Plan,0.96,12.53,0.75,9.7,-2.42
UTI Nifty 50 Index Fund - Regular Plan,0.99,12.87,0.81,10.49,-1.69
,,,,,
Bal Bhavishya,,,,,
Scheme,Beta,Stdev,Sharpe,Treynor,Alpha
Aditya Birla Sun Life Bal Bhavishya Yojna - Regular Plan,0.87,12.1,0.67,9.36,-3.78
Aditya Birla Sun Life Flexi Cap Fund - Regular Plan,0.96,13.03,0.84,11.32,-2.3
Axis Flexi Cap Fund - Regular Plan,0.95,13.56,0.64,9.2,-4.26
Bandhan Flexi Cap Fund - Regular Plan,0.88,12.46,0.93,13.12,-0.52
Canara Robeco Flexi Cap Fund - Regular Plan,0.91,12.39,0.87,11.86,-1.68
DSP Flexi Cap Fund,0.97,13.99,0.81,11.66,-2
Franklin India Flexi Cap Fund,0.91,12.54,1.28,17.59,3.54
HDFC Flexi Cap Fund,0.87,12.4,1.55,21.97,7.21
HSBC Flexi Cap Fund,0.89,12.1,1.24,16.94,2.86
ICICI Prudential Flexicap Fund,-,-,-,-,-
Kotak Flexicap Fund - Regular Plan,0.92,12.56,1,13.78,0.06
Mirae Asset Flexi Cap Fund - Regular Plan,-,-,-,-,-
Motilal Oswal Flexi Cap Fund - Regular Plan,0.85,13.32,0.95,14.84,0.96
Nippon India Flexi Cap Fund - Regular Plan,-,-,-,-,-
PGIM India Flexi Cap Fund - Regular Plan,0.9,13.12,0.61,8.88,-4.37
SBI Flexicap Fund,0.84,11.43,0.86,11.78,-1.62
Sundaram Flexi Cap Fund - Regular Plan,-,-,-,-,-
Tata Flexi Cap Fund - Regular Plan,0.85,11.88,0.85,11.89,-1.55
Tata Young Citizens Fund - Regular Plan,0.92,12.69,0.9,12.37,-1.24
UTI Children's Equity Fund-Regular Plan,0.93,13.02,0.75,10.58,-2.91
UTI Flexi Cap Fund - Regular Plan,0.95,14.09,0.31,4.62,-8.61
,,,,,
Retirement Fund 30,,,,,
Scheme,Beta,Stdev,Sharpe,Treynor,Alpha
Aditya Birla Sun Life Retirement Fund - The 30s Plan - Regular Plan,0.85,11.93,0.68,9.57,-3.5
Axis Retirement Savings Fund - Dynamic Plan - Regular Plan,0.88,11.59,0.64,8.42,-0.89
HDFC Retirement Savings Fund Equity Plan - Regular Plan,0.76,10.71,1.5,21.22,5.68
ICICI Prudential Retirement Fund - Pure Equity Plan,0.8,13.54,1.64,27.95,11.32
Nippon India Retirement Fund - Wealth Creation Scheme,0.99,13.31,1.13,15.18,1.45
SBI Retirement Benefit Fund - Aggressive Plan - Regular Plan,0.8,11.34,1.31,18.7,3.98
Tata Retirement Savings Fund - Progressive Plan - Regular Plan,0.83,11.9,0.9,12.86,-0.71
Union Retirement Fund - Regular Plan,-,-,-,-,-
,,,,,
Retirement Fund 40,,,,,
Scheme,Beta,Stdev,Sharpe,Treynor,Alpha
Aditya Birla Sun Life Retirement Fund - The 40s Plan - Regular Plan,0.76,9.73,0.61,7.83,-1.22
Axis Retirement Savings Fund - Aggressive Plan - Regular Plan,0.88,11.56,0.51,6.64,-2.46
HDFC Retirement Savings Fund - Hybrid Equity Plan - Regular Plan,0.62,8.18,1.24,16.39,4.29
ICICI Prudential Retirement Fund - Hybrid Aggressive Plan,0.85,11.35,1.33,17.8,7.12
SBI Retirement Benefit Fund - Aggressive Hybrid Plan - Regular Plan,0.73,9.28,1.34,17.03,5.53
Tata Retirement Savings Fund - Moderate Plan - Regular Plan,0.78,10.19,0.91,11.94,1.95
,,,,,
Nifty Midcap,,,,,
Scheme,Beta,Stdev,Sharpe,Treynor,Alpha
Aditya Birla Sun Life Nifty Midcap 150 Index Fund - Regular Plan,1.02,15.01,1.31,19.18,-1.02
Axis Nifty Midcap 50 Index Fund - Regular Plan,-,-,-,-,-
DSP Nifty Midcap 150 Quality 50 Index Fund - Regular Plan,-,-,-,-,-
HDFC NIFTY Midcap 150 Index Fund - Regular Plan,-,-,-,-,-
ICICI Prudential Nifty Midcap 150 Index Fund,-,-,-,-,-
Motilal Oswal Nifty Midcap 150 Index Fund - Regular Plan,1.02,15.01,1.3,19.05,-1.16
Navi Nifty Midcap 150 Index Fund - Regular Plan,-,-,-,-,-
Nippon India Nifty Midcap 150 Index Fund - Regular Plan,1.02,15.02,1.3,19.05,-1.16
SBI Nifty Midcap 150 Index Fund - Regular Plan,-,-,-,-,-
Tata Nifty Midcap 150 Momentum 50 Index Fund - Regular Plan,-,-,-,-,-
UTI Nifty Midcap 150 Quality 50 Index Fund - Regular Plan,-,-,-,-,-
,,,,,
Nifty Smallcap,,,,,
Scheme,Beta,Stdev,Sharpe,Treynor,Alpha
Aditya Birla Sun Life Nifty Smallcap 50 Index Fund - Regular Plan,1.16,21.48,0.7,12.96,-8.45
Axis Nifty Smallcap 50 Index Fund - Regular Plan,-,-,-,-,-
Edelweiss Nifty Smallcap 250 Index Fund - Regular Plan,-,-,-,-,-
HDFC NIFTY Smallcap 250 Index Fund - Regular Plan,-,-,-,-,-
Kotak Nifty Smallcap 50 Index Fund - Regular Plan,-,-,-,-,-
Motilal Oswal Nifty Smallcap 250 Index Fund - Regular Plan,1.01,18.4,1.05,19.08,-1.2
Nippon India Nifty Smallcap 250 Index Fund - Regular Plan,1.01,18.4,1.05,19.01,-1.27
SBI Nifty Smallcap 250 Index Fund - Regular Plan,-,-,-,-,-
,,,,,
Nifty 50 Equal Weight,,,,,
Scheme,Beta,Stdev,Sharpe,Treynor,Alpha
Aditya Birla Sun Life Nifty 50 Equal Weight Index Fund - Regular Plan,1.01,13.4,1.01,13.35,1.16
DSP Nifty 50 Equal Weight Index Fund - Regular Plan,1.02,13.42,1.03,13.63,1.45
HDFC NIFTY 100 Equal Weight Index Fund - Regular Plan,-,-,-,-,-
HDFC NIFTY50 Equal Weight Index Fund - Regular Plan,-,-,-,-,-
ICICI Prudential Nifty50 Equal Weight Index Fund,-,-,-,-,-
UTI NIFTY50 Equal Weight Index Fund - Regular Plan,-,-,-,-,-
,,,,,
Business Cycle,,,,,
Scheme,Beta,Stdev,Sharpe,Treynor,Alpha
Aditya Birla Sun Life Business Cycle Fund - Regular Plan,-,-,-,-,-
Axis Business Cycles Fund - Regular Plan,-,-,-,-,-
Baroda BNP Paribas Business Cycle Fund - Regular Plan,-,-,-,-,-
HDFC Business Cycle Fund - Regular Plan,-,-,-,-,-
HSBC Business Cycles Fund - Regular Plan,0.97,14.25,1.34,19.62,5.76
ICICI Prudential Business Cycle Fund,0.81,12,1.49,21.94,6.71
Kotak Business Cycle Fund - Regular Plan,-,-,-,-,-
Tata Business Cycle Fund - Regular Plan,-,-,-,-,-
,,,,,
Healthcare ETF,,,,,
Scheme,Beta,Stdev,Sharpe,Treynor,Alpha
Aditya Birla Sun Life Nifty Healthcare ETF,-,-,-,-,-
Axis NIFTY Healthcare ETF,1,15.54,0.52,8.12,-0.69
ICICI Prudential Nifty Healthcare ETF,1,15.57,0.53,8.28,-0.52
Motilal Oswal BSE Healthcare ETF,-,-,-,-,-
,,,,,
Nifty IT ETF,,,,,
Scheme,Beta,Stdev,Sharpe,Treynor,Alpha
Aditya Birla Sun Life Nifty IT ETF,-,-,-,-,-
Axis NIFTY IT ETF,1.05,21.29,0.27,5.48,0.2
HDFC NIFTY IT ETF,-,-,-,-,-
ICICI Prudential Nifty IT ETF,1.05,21.34,0.27,5.5,0.22
Kotak Nifty IT ETF,1.05,21.31,0.27,5.57,0.3
Nippon India ETF Nifty IT,1.05,21.34,0.27,5.45,0.17
SBI Nifty IT ETF,1.05,21.34,0.27,5.45,0.16
,,,,,
Silver ETF,,,,,
Scheme,Beta,Stdev,Sharpe,Treynor,Alpha
Aditya Birla Sun Life Silver ETF,-,-,-,-,-
Axis Silver ETF,-,-,-,-,-
DSP Silver ETF,-,-,-,-,-
HDFC Silver ETF,-,-,-,-,-
ICICI Prudential Silver ETF,-,-,-,-,-
Kotak Silver ETF,-,-,-,-,-
Mirae Asset Silver ETF,-,-,-,-,-
Nippon India Silver ETF,-,-,-,-,-
UTI Silver ETF,-,-,-,-,-
,,,,,
Silver FoF,,,,,
Scheme,Beta,Stdev,Sharpe,Treynor,Alpha
Aditya Birla Sun Life Silver ETF FoF - Regular Plan,-,-,-,-,-
Axis Silver FoF - Regular Plan,-,-,-,-,-
HDFC Silver ETF FoF - Regular Plan,-,-,-,-,-
ICICI Prudential Silver ETF FoF,-,-,-,-,-
Kotak Silver ETF FoF - Regular Plan,-,-,-,-,-
Nippon India Silver ETF FoF - Regular Plan,-,-,-,-,-
UTI Silver ETF FoF - Regular Plan,-,-,-,-,-
,,,,,
Passive Funds,,,,,
Scheme,Beta,Stdev,Sharpe,Treynor,Alpha
Aditya Birla Sun Life BSE Sensex ETF,0.97,12.82,0.8,10.53,-1.63
Aditya Birla Sun Life Gold ETF,1,11.06,0.78,8.62,-0.93
Aditya Birla Sun Life Gold Fund - Regular Plan,0.93,10.48,0.77,8.73,-0.76
Aditya Birla Sun Life Nifty 200 Momentum 30 ETF,-,-,-,-,-
Aditya Birla Sun Life Nifty 200 Quality 30 ETF,-,-,-,-,-
Aditya Birla Sun Life Nifty 50 Equal Weight Index Fund - Regular Plan,1.01,13.4,1.01,13.35,1.16
Aditya Birla Sun Life Nifty 50 ETF,0.99,12.88,0.83,10.82,-1.37
Aditya Birla Sun Life Nifty 50 Index Fund - Regular Plan,0.99,12.87,0.79,10.23,-1.95
Aditya Birla Sun Life Nifty Bank ETF,1,15.87,0.64,10.13,-0.37
Aditya Birla Sun Life Nifty Healthcare ETF,-,-,-,-,-
Aditya Birla Sun Life Nifty IT ETF,-,-,-,-,-
Aditya Birla Sun Life Nifty Midcap 150 Index Fund - Regular Plan,1.02,15.01,1.31,19.18,-1.02
Aditya Birla Sun Life Nifty Next 50 ETF,1.12,16.93,1.03,15.56,3.77
Aditya Birla Sun Life Nifty Next 50 Index Fund - Regular Plan,-,-,-,-,-
Aditya Birla Sun Life Nifty Smallcap 50 Index Fund - Regular Plan,1.16,21.48,0.7,12.96,-8.45
Aditya Birla Sun Life Silver ETF,-,-,-,-,-
Aditya Birla Sun Life Silver ETF FoF - Regular Plan,-,-,-,-,-
,,,,,
Domestic + International,,,,,
Scheme,Beta,Stdev,Sharpe,Treynor,Alpha
Franklin Asian Equity Fund,-,18.17,-0.49,-,-
Templeton India Equity Income Fund,0.67,10.89,1.47,24.1,6.92
,,,,,
Other Competitor Thematic/Contra Funds,,,,,
Scheme,Beta,Stdev,Sharpe,Treynor,Alpha
360 ONE Quant Fund - Regular Plan,-,-,-,-,-
Aditya Birla Sun Life Business Cycle Fund - Regular Plan,-,-,-,-,-
Aditya Birla Sun Life Manufacturing Equity Fund - Regular Plan,0.94,13.5,0.89,12.78,-0.88
Aditya Birla Sun Life Special Opportunities Fund - Regular Plan,1.01,14,0.88,12.22,-1.51
Axis Innovation Fund - Regular Plan,0.91,13.91,0.72,10.96,-2.5
Axis Quant Fund - Regular Plan,-,-,-,-,-
Baroda BNP Paribas Business Cycle Fund - Regular Plan,-,-,-,-,-
DSP Quant Fund - Regular Plan,0.97,13.9,0.45,6.48,-6.99
Edelweiss Recently Listed IPO Fund  - Regular Plan,0.93,17.4,0.6,11.18,-2.36
Franklin India Opportunities Fund,0.96,15.16,1.51,23.87,9.75
HDFC Housing Opportunities Fund - Regular Plan,1.01,15.03,1.32,19.58,5.94
HSBC Business Cycles Fund - Regular Plan,0.97,14.25,1.34,19.62,5.76
ICICI Prudential Business Cycle Fund,0.81,12,1.49,21.94,6.71
ICICI Prudential Commodities Fund,1.02,18.67,0.95,17.32,3.69
ICICI Prudential Exports and Services Fund,0.76,10.71,1.53,21.65,6.01
ICICI Prudential FMCG Fund,0.56,10,1.15,20.41,3.78
ICICI Prudential Housing Opportunities Fund,-,-,-,-,-
ICICI Prudential India Opportunities Fund,0.81,12.59,1.68,26.15,10.06
ICICI Prudential Manufacturing Fund,0.91,13.11,1.8,25.99,11.15
ICICI Prudential Nifty Auto ETF,-,-,-,-,-
ICICI Prudential Nifty FMCG ETF,-,-,-,-,-
ICICI Prudential Quant Fund,0.74,10.51,1.12,15.89,1.62
ICICI Prudential Thematic Advantage Fund (FOF),0.73,10.06,1.26,17.39,2.67
Invesco India Contra Fund,0.9,12.7,1.18,16.5,3.89
Kotak India EQ Contra Fund - Regular Plan,0.95,13.09,1.34,18.48,5.96
Kotak Manufacture in India Fund - Regular Plan,-,-,-,-,-
Kotak Pioneer Fund - Regular Plan,0.84,13.23,1.03,16.24,2.12
Mahindra Manulife Consumption Fund - Regular Plan,0.7,11.58,1.15,19.01,-0.14
Mirae Asset Nifty India Manufacturing ETF,-,-,-,-,-
Mirae Asset Nifty India Manufacturing ETF FoF - Regular Plan,-,-,-,-,-
Nippon India ETF Nifty Dividend Opportunities 50,0.89,13.02,1.4,20.51,6.05
Nippon India Nifty Auto ETF,-,-,-,-,-
Nippon India Quant Fund - Retail Plan,0.95,13.19,1.22,16.93,3.06
Quant Quantamental Fund - Regular Plan,0.93,15.6,1.56,26.08,11.52
SBI Contra Fund,0.78,11.91,1.81,27.6,11.99
SBI Equity Minimum Variance Fund - Regular Plan,0.85,12.22,0.93,13.4,-0.27
SBI Magnum COMMA Fund,1.01,16.19,0.66,10.54,-3.19
Sundaram Services Fund - Regular Plan,0.93,13.34,1.06,15.22,1.4
Tata Business Cycle Fund - Regular Plan,-,-,-,-,-
Tata Ethical Fund - Regular Plan,0.83,12.77,0.86,13.23,-0.4
Tata Quant Fund - Regular Plan,0.81,12.55,0.63,9.78,-3.17
Taurus Ethical Fund - Regular Plan,0.86,12.75,0.89,13.29,-0.36
UTI Transportation and Logistics Fund - Regular Plan,0.73,14.35,1.54,30.35,12.08
,,,,,
Multi Index FoF,,,,,
Scheme,Beta,Stdev,Sharpe,Treynor,Alpha
Aditya Birla Sun Life Multi - Index FoF - Regular Plan,-,-,-,-,-
ICICI Prudential Passive Multi-Asset FoF,-,-,-,-,-
Motilal Oswal Asset Allocation Passive FoF - Aggressive - Regular Plan,0.73,9.02,0.94,11.67,1.62
Motilal Oswal Asset Allocation Passive FoF - Conservative - Regular Plan,0.46,5.86,0.85,10.83,0.64
,,,,,
Multi Asset Allocation,,,,,
Scheme,Beta,Stdev,Sharpe,Treynor,Alpha
Aditya Birla Sun Life Multi Asset Allocation Fund - Regular Plan,-,-,-,-,-
Axis Multi Asset Allocation Fund - Regular Plan,0.82,10.17,0.46,5.64,-3.11
Bank of India Multi Asset Allocation Fund - Regular Plan,-,-,-,-,-
Baroda BNP Paribas Multi Asset Fund - Regular Plan,-,-,-,-,-
HDFC Multi Asset Fund,0.5,6.32,1.26,15.99,3.27
ICICI Prudential Multi Asset Fund,0.56,7.62,2.11,28.9,10.84
Kotak Multi Asset Allocation Fund - Regular Plan,-,-,-,-,-
Nippon India Multi Asset Fund - Regular Plan,0.66,8.51,1.27,16.39,4.57
Tata Multi Asset Opportunities Fund - Regular Plan,0.61,7.41,1.27,15.44,3.68
UTI Multi Asset Allocation Fund - Regular Plan,0.6,8.12,1.45,19.43,6.04
,,,,,
Nasdaq 100 FOFs,,,,,
Scheme,Beta,Stdev,Sharpe,Treynor,Alpha
Aditya Birla Sun Life NASDAQ 100 FOF - Regular Plan,-,-,-,-,-
Axis NASDAQ 100 FoF - Regular Plan,-,-,-,-,-
Kotak Nasdaq 100 FOF - Regular Plan,-,20.18,0.52,-,-
Motilal Oswal Nasdaq 100 FOF - Regular Plan,-,21.06,0.48,-,-
Navi NASDAQ 100 FoF - Regular Plan,-,-,-,-,-
,,,,,
Transportation & Logistics,,,,,
Scheme,Beta,Stdev,Sharpe,Treynor,Alpha
Aditya Birla Sun Life Transportation and Logistics Fund - Regular Plan,-,-,-,-,-
Bandhan Transportation and Logistics Fund - Regular Plan,-,-,-,-,-
HDFC Transportation and Logistics Fund - Regular Plan,-,-,-,-,-
ICICI Prudential Transportation and Logistics Fund,-,-,-,-,-
UTI Transportation and Logistics Fund - Regular Plan,0.73,14.35,1.54,30.35,12.08
,,,,,
Liquid Funds,,,,,
Scheme,Beta,Stdev,Sharpe,Treynor,Alpha
Aditya Birla Sun Life Liquid Fund - Direct Plan,0.98,0.48,0.59,0.29,2.27
Axis Liquid Fund - Direct Plan,0.96,0.47,0.55,0.27,2.2
Bandhan Liquid Fund - Direct Plan,0.96,0.48,0.48,0.24,2.18
Baroda BNP Paribas Liquid Fund - Direct Plan,0.93,0.46,0.58,0.29,2.16
DSP Liquidity Fund - Direct Plan,0.94,0.47,0.48,0.24,2.15
Edelweiss Liquid Fund - Direct Plan,0.98,0.48,0.56,0.27,2.27
HDFC Liquid Fund - Direct Plan,0.96,0.47,0.43,0.21,2.15
HSBC Liquid Fund - Direct Plan,0.95,0.48,0.49,0.25,2.17
ICICI Prudential Liquid Fund - Direct Plan,0.97,0.48,0.45,0.22,2.18
Invesco India Liquid Fund - Direct Plan,0.95,0.47,0.45,0.22,2.14
Kotak Liquid - Direct Plan,0.96,0.47,0.45,0.22,2.17
LIC MF Liquid Fund - Direct Plan,0.95,0.47,0.47,0.23,2.14
Mirae Asset Liquid Fund - Direct Plan,0.94,0.47,0.53,0.27,2.16
Nippon India Liquid Fund - Direct Plan,0.97,0.48,0.52,0.25,2.23
SBI Liquid Fund - Direct Plan,0.96,0.47,0.45,0.22,2.16
Tata Liquid Fund - Direct Plan,0.96,0.47,0.46,0.23,2.17
UTI Liquid Fund - Direct Plan,0.95,0.47,0.53,0.26,2.19
,,,,,
Corporate Bond Funds,,,,,
Scheme,Beta,Stdev,Sharpe,Treynor,Alpha
Aditya Birla Sun Life Corporate Bond Fund - Direct Plan,0.55,1.13,0.43,0.87,0.37
Axis Corporate Debt Fund - Direct Plan,0.53,1.05,0.52,1.03,0.44
Bandhan Corporate Bond Fund - Direct Plan,0.51,1.23,-0.15,-0.35,-0.28
HDFC Corporate Bond Fund - Direct Plan,0.64,1.27,0.32,0.63,0.27
HSBC Corporate Bond Fund - Direct Plan,1.15,2.15,-0.02,-0.04,-0.28
ICICI Prudential Corporate Bond Fund - Direct Plan,0.44,0.89,0.82,1.66,0.64
Invesco India Corporate Bond Fund - Direct Plan,0.58,1.21,-0.02,-0.04,-0.14
Kotak Corporate Bond Fund - Standard Plan - Direct Plan,0.48,0.99,0.35,0.72,0.25
SBI Corporate Bond Fund - Direct Plan,0.49,1.05,0.09,0.18,-0.01
UTI Corporate Bond Fund - Direct Plan,0.5,1.05,0.15,0.31,0.06
,,,,,
Short Duration,,,,,
Scheme,Beta,Stdev,Sharpe,Treynor,Alpha
Aditya Birla Sun Life Short Term Fund - Direct Plan,1.69,0.98,0.81,0.47,4.24
Axis Short Term Fund - Direct Plan,1.85,1,0.49,0.27,4.26
Bandhan Bond Fund Short Term Plan - Direct Plan,2.5,1.38,0.05,0.03,5.16
DSP Short Term Fund - Direct Plan,2.11,1.1,0.04,0.02,4.33
HDFC Short Term Debt Fund - Direct Plan,1.9,1,0.45,0.24,4.31
HSBC Short Duration Fund - Direct Plan,2.19,1.17,-0.15,-0.08,4.28
ICICI Prudential Short Term Fund - Direct Plan,1.5,0.91,1.19,0.72,4.14
Kotak Bond - Short Term Fund - Direct Plan,1.98,1.11,0.3,0.17,4.36
Nippon India Short Term Fund - Direct Plan,2.02,1.13,0.44,0.24,4.61
SBI Short Term Debt Fund - Direct Plan,1.92,1,0.22,0.11,4.13
Tata Short Term Bond Fund - Direct Plan,2.12,1.13,0.24,0.13,4.59
UTI Short Duration Fund - Direct Plan,0.34,2.57,0.81,6.24,2.78
,,,,,
Dynamic Bond Funds,,,,,
Scheme,Beta,Stdev,Sharpe,Treynor,Alpha
360 ONE Dynamic Bond Fund - Direct Plan,0.85,1.74,0.43,0.88,0.58
Aditya Birla Sun Life Dynamic Bond Fund - Direct Plan,0.94,2.46,0.63,1.65,1.37
Axis Dynamic Bond Fund - Direct Plan,1.3,2.36,-0.01,-0.02,-0.29
Bandhan Dynamic Bond Fund - Direct Plan,1.55,3.03,0.21,0.41,0.32
DSP Strategic Bond Fund - Direct Plan,1.16,2.36,0.42,0.87,0.77
HDFC Dynamic Debt Fund - Direct Plan,0.9,1.73,0.15,0.29,0.08
ICICI Prudential All Seasons Bond Fund - Direct Plan,0.74,1.41,0.86,1.63,1.06
Kotak Dynamic Bond Fund - Direct Plan,1.13,2.16,0.4,0.75,0.63
Mirae Asset Dynamic Bond Fund - Direct Plan,1.03,2.12,-0.23,-0.46,-0.68
Nippon India Dynamic Bond Fund - Direct Plan,1.43,2.74,0.04,0.07,-0.19
SBI Dynamic Bond Fund - Direct Plan,0.91,1.92,0.55,1.15,0.87
UTI Dynamic Bond Fund - Direct Plan,0.05,6.53,0.83,103.17,5.39
,,,,,
Credit Risk Fund,,,,,
Scheme,Beta,Stdev,Sharpe,Treynor,Alpha
Aditya Birla Sun Life Credit Risk Fund - Direct Plan,1.4,1.85,1.25,1.66,5.15
Axis Credit Risk Fund - Direct Plan,1.64,0.95,1.18,0.68,4.45
Bandhan Credit Risk Fund - Direct Plan,1.82,1.06,0.32,0.19,4.05
Baroda BNP Paribas Credit Risk Fund Direct,-0.98,4.4,0.94,-4.19,2.12
DSP Credit Risk Fund - Direct Plan,2.26,5.81,0.83,2.15,9.45
HDFC Credit Risk Debt Fund - Direct Plan,1.76,1.13,0.7,0.45,4.38
HSBC Credit Risk Fund - Direct Plan,1.22,1.22,0.74,0.74,3.4
ICICI Prudential Credit Risk Fund - Direct Plan,1.5,1,1.43,0.95,4.49
Kotak Credit Risk Fund - Direct Plan,2.62,1.99,0.1,0.07,5.52
Nippon India Credit Risk Fund - Direct Plan,1.2,3.72,0.94,2.9,5.94
SBI Credit Risk Fund - Direct Plan,1.92,1.36,1.08,0.76,5.38
UTI Credit Risk Fund - Direct Plan,-3.3,8.81,0.68,-1.82,-0.7
,,,,,
Medium to Long Duration,,,,,
Scheme,Beta,Stdev,Sharpe,Treynor,Alpha
Aditya Birla Sun Life Income Fund - Direct Plan,1.16,2.15,0.1,0.19,-0.01
Bandhan Bond Fund Income Plan - Direct Plan,1.33,2.5,-0.25,-0.47,-0.89
HDFC Income Fund - Direct Plan,1.31,2.28,0.05,0.09,-0.15
ICICI Prudential Bond Fund - Direct Plan,1.06,1.85,0.28,0.49,0.31
Kotak Bond Fund - Direct Plan,1.23,2.18,0.3,0.53,0.4
Nippon India Income Fund - Direct Plan,1.06,2.08,0.38,0.74,0.57
UTI Medium to Long Duration Fund - Direct Plan,0.32,5.91,0.77,14.08,4.46
,,,,,
Gilt Funds,,,,,
Scheme,Beta,Stdev,Sharpe,Treynor,Alpha
Aditya Birla Sun Life Government Securities Fund - Direct Plan,0.63,2.48,0.24,0.96,-0.1
Axis Gilt Fund - Direct Plan,0.51,2.07,0.24,0.98,-0.07
Bandhan Government Securities Fund - Investment Plan - Direct Plan,0.74,3.06,0.26,1.09,-0.02
Baroda BNP Paribas Gilt Fund - Direct Plan,0.58,2.27,0.08,0.33,-0.45
DSP Gilt Fund - Direct Plan,0.58,2.37,0.44,1.78,0.39
HDFC Gilt Fund - Direct Plan,0.53,2.08,0.03,0.11,-0.53
HSBC Gilt Fund - Direct Plan,0.47,1.97,0.14,0.58,-0.25
ICICI Prudential Gilt Fund - Direct Plan,0.5,2.12,0.55,2.35,0.61
Kotak Gilt Investment - Direct Plan,0.53,2.23,0.45,1.86,0.4
Nippon India Gilt Securities Fund - Direct Plan,0.6,2.26,0.24,0.9,-0.12
SBI Magnum Gilt Fund - Direct Plan,0.45,1.99,0.56,2.47,0.61
Tata Gilt Securities Fund - Direct Plan,0.53,2.16,0.3,1.2,0.05
UTI Gilt Fund - Direct Plan,0.44,1.89,0.04,0.19,-0.4
,,,,,
Money Manager,,,,,
Scheme,Beta,Stdev,Sharpe,Treynor,Alpha
Aditya Birla Sun Life Money Manager Fund - Direct Plan,1.26,0.57,0.98,0.45,3.12
Axis Money Market Fund - Direct Plan,1.22,0.55,0.93,0.42,3
Bandhan Money Manager Fund - Direct Plan,1.26,0.57,0.65,0.3,2.94
DSP Savings Fund - Direct Plan,1.52,0.71,0.31,0.15,3.32
HDFC Money Market Fund - Direct Plan,1.21,0.55,0.88,0.4,2.95
ICICI Prudential Money Market Fund - Direct Plan,1.24,0.56,0.78,0.36,2.97
Invesco India Money Market Fund - Direct Plan,1.48,0.69,0.26,0.12,3.2
Kotak Money Market Fund - Direct Plan,1.18,0.54,0.89,0.41,2.87
Nippon India Money Market Fund - Direct Plan,1.16,0.53,1.05,0.48,2.91
SBI Savings Fund - Direct Plan,1.24,0.56,0.83,0.37,2.98
Tata Money Market Fund - Direct Plan,1.26,0.57,1.13,0.51,3.21
UTI Money Market Fund Institutional - Direct Plan,1.16,0.53,0.95,0.44,2.87
,,,,,
Low Duration,,,,,
Scheme,Beta,Stdev,Sharpe,Treynor,Alpha
Aditya Birla Sun Life Low Duration Fund - Direct Plan,1.26,0.59,1.16,0.54,3.24
Axis Treasury Advantage Fund - Direct Plan,1.33,0.62,0.7,0.32,3.13
Bandhan Low Duration Fund - Direct Plan,1.49,0.69,0.21,0.1,3.17
DSP Low Duration Fund - Direct Plan,1.38,0.62,0.4,0.18,3.06
HDFC Low Duration Fund - Direct Plan,1.32,0.68,0.88,0.45,3.28
ICICI Prudential Savings Fund - Direct Plan,1.33,0.94,0.57,0.4,3.25
Kotak Low Duration Fund - Standard Plan - Direct Plan,1.36,0.69,0.78,0.39,3.29
Nippon India Low Duration Fund - Direct Plan,1.25,0.59,0.91,0.43,3.08
SBI Magnum Low Duration Fund - Direct Plan,1.38,0.62,0.56,0.25,3.16
Tata Treasury Advantage Fund - Direct Plan,1.33,0.62,0.42,0.2,2.96
UTI Low Duration Fund - Direct Plan,-0.25,2.54,0.76,-7.54,1.4
,,,,,
FoFs - Conservative Plans,,,,,
Scheme,Beta,Stdev,Sharpe,Treynor,Alpha
ICICI Prudential Debt Management Fund (FOF),0.57,1.19,0.19,0.39,0.11
ICICI Prudential Income Optimizer Fund (FOF),0.45,3.2,1.52,10.77,2.86
,,,,,
Dynamic Bond Funds (FOF),,,,,
Scheme,Beta,Stdev,Sharpe,Treynor,Alpha
Aditya Birla Sun Life Active Debt Multi-Manager FoF Scheme - Direct Plan,0.95,5.88,-0.57,-3.54,-3.56
Aditya Birla Sun Life Dynamic Bond Fund - Direct Plan,0.94,2.46,0.63,1.65,1.37
Axis All Seasons Debt FoF - Direct Plan,0.86,1.64,0.3,0.57,0.32
Bandhan All Seasons Bond Fund - Direct Plan,2.17,1.11,-0.02,-0.01,4.39
Bandhan Dynamic Bond Fund - Direct Plan,1.55,3.03,0.21,0.41,0.32
DSP Strategic Bond Fund - Direct Plan,1.16,2.36,0.42,0.87,0.77
HDFC Dynamic Debt Fund - Direct Plan,0.9,1.73,0.15,0.29,0.08
ICICI Prudential All Seasons Bond Fund - Direct Plan,0.74,1.41,0.86,1.63,1.06
ICICI Prudential Debt Management Fund (FOF) - Direct Plan,0.57,1.17,0.41,0.85,0.37
Kotak Dynamic Bond Fund - Direct Plan,1.13,2.16,0.4,0.75,0.63
Nippon India Dynamic Bond Fund - Direct Plan,1.43,2.74,0.04,0.07,-0.19
SBI Dynamic Bond Fund - Direct Plan,0.91,1.92,0.55,1.15,0.87
UTI Dynamic Bond Fund - Direct Plan,0.05,6.53,0.83,103.17,5.39
,,,,,
Banking & PSU,,,,,
Scheme,Beta,Stdev,Sharpe,Treynor,Alpha
Aditya Birla Sun Life Banking & PSU Debt Fund - Direct Plan,1.78,0.95,0.29,0.15,3.89
Axis Banking & PSU Debt Fund - Direct Plan,1.58,0.86,-0.05,-0.03,3.18
Bandhan Banking & PSU Debt Fund - Direct Plan,1.84,0.94,0.05,0.03,3.8
DSP Banking & PSU Debt Fund - Direct Plan,2.2,1.18,0.09,0.05,4.57
HDFC Banking and PSU Debt Fund - Direct Plan,1.83,0.97,0.21,0.11,3.92
HSBC Banking and PSU Debt Fund - Direct Plan,3.01,1.81,-0.35,-0.21,5.49
ICICI Prudential Banking & PSU Debt Fund - Direct Plan,1.36,0.94,0.81,0.56,3.54
Kotak Banking and PSU Debt Fund - Direct Plan,1.8,1.06,0.4,0.24,4.09
LIC MF Banking & PSU Fund - Direct Plan,1.95,1,-0.04,-0.02,3.93
Nippon India Banking & PSU Debt Fund - Direct Plan,2.07,1.14,0.2,0.11,4.44
SBI Banking and PSU Fund - Direct Plan,2.19,1.14,-0.11,-0.05,4.34
,,,,,
Medium Duration,,,,,
Scheme,Beta,Stdev,Sharpe,Treynor,Alpha
Aditya Birla Sun Life Medium Term Plan - Direct Plan,1.33,9.39,0.81,5.73,7.34
Axis Strategic Bond Fund - Direct Plan,0.7,1.33,0.87,1.65,1.02
Bandhan Bond Fund Medium Term Plan - Direct Plan,1.02,2.06,-0.22,-0.45,-0.66
DSP Bond Fund - Direct Plan,0.79,1.52,0.02,0.03,-0.13
HDFC Medium Term Debt Fund - Direct Plan,0.78,1.48,0.37,0.7,0.39
HSBC Medium Duration Fund - Direct Plan,0.79,1.52,0.44,0.85,0.51
ICICI Prudential Medium Term Bond Fund - Direct Plan,0.66,1.2,0.78,1.43,0.81
Kotak Medium Term Fund - Direct Plan,0.75,1.54,0.66,1.35,0.86
SBI Magnum Medium Duration Fund - Direct Plan,0.69,1.34,0.44,0.84,0.45
,,,,,
Ultra Short Duration,,,,,
Scheme,Beta,Stdev,Sharpe,Treynor,Alpha
Aditya Birla Sun Life Savings Fund - Direct Plan,1.13,0.54,0.97,0.46,2.82
Axis Ultra Short Term Fund - Direct Plan,1.14,0.52,1.05,0.48,2.86
Bandhan Ultra Short Term Fund - Direct Plan,1.24,0.57,0.39,0.18,2.75
DSP Ultra Short Fund - Direct Plan,1.19,0.55,0.7,0.32,2.8
HDFC Ultra Short Term Fund - Direct Plan,1.16,0.53,0.69,0.32,2.74
Kotak Savings Fund - Direct Plan,1.12,0.52,0.71,0.33,2.66
SBI Magnum Ultra Short Duration Fund - Direct Plan,1.24,0.56,0.44,0.2,2.76
UTI Ultra Short Duration Fund - Direct,0.33,1.48,0.86,3.9,1.94
,,,,,
Overnight Fund,,,,,
Scheme,Beta,Stdev,Sharpe,Treynor,Alpha
Aditya Birla Sun Life Overnight Fund - Direct Plan,0.78,0.42,-0.26,-0.14,1.48
HDFC Overnight Fund - Direct Plan,0.77,0.42,-0.37,-0.2,1.42
ICICI Prudential Overnight Fund - Direct Plan,0.78,0.42,-0.31,-0.17,1.45
Kotak Overnight Fund - Direct Plan,0.78,0.42,-0.26,-0.14,1.48
Nippon India Overnight Fund - Direct Plan,0.78,0.42,-0.23,-0.12,1.49
SBI Overnight Fund - Direct Plan,0.77,0.41,-0.35,-0.19,1.43
UTI Overnight Fund - Direct Plan,0.78,0.42,-0.28,-0.15,1.47
,,,,,
10 Year Corporate Bond,,,,,
Scheme,Beta,Stdev,Sharpe,Treynor,Alpha
Aditya Birla Sun Life Income Fund - Direct Plan,1.16,2.15,0.1,0.19,-0.01
Axis Dynamic Bond Fund - Direct Plan,1.3,2.36,-0.01,-0.02,-0.29
,,,,,
Floater,,,,,
Scheme,Beta,Stdev,Sharpe,Treynor,Alpha
Aditya Birla Sun Life Floating Rate Fund - Direct Plan,1.36,0.69,1.01,0.51,3.45
Axis Treasury Advantage Fund - Direct Plan,1.33,0.62,0.7,0.32,3.13
Bandhan Low Duration Fund - Direct Plan,1.49,0.69,0.21,0.1,3.17
DSP Low Duration Fund - Direct Plan,1.38,0.62,0.4,0.18,3.06
HDFC Low Duration Fund - Direct Plan,1.32,0.68,0.88,0.45,3.28
ICICI Prudential Savings Fund - Direct Plan,1.33,0.94,0.57,0.4,3.25
Invesco India Low Duration Fund - Direct Plan,1.37,0.63,0.23,0.1,2.94
Kotak Low Duration Fund - Standard Plan - Direct Plan,1.36,0.69,0.78,0.39,3.29
Nippon India Low Duration Fund - Direct Plan,1.25,0.59,0.91,0.43,3.08
SBI Floating Rate Debt Fund - Direct Plan,1.55,0.85,0.77,0.42,3.8
SBI Magnum Low Duration Fund - Direct Plan,1.38,0.62,0.56,0.25,3.16
Tata Treasury Advantage Fund - Direct Plan,1.33,0.62,0.42,0.2,2.96
UTI Low Duration Fund - Direct Plan,-0.25,2.54,0.76,-7.54,1.4
,,,,,
Retirement Fund 50,,,,,
Scheme,Beta,Stdev,Sharpe,Treynor,Alpha
Aditya Birla Sun Life Retirement Fund - The 50s Plan - Direct Plan,0.54,3.52,0.56,3.7,-0.4
Axis Retirement Savings Fund - Conservative Plan - Direct Plan,0.86,5.56,0.7,4.52,0.07
HDFC Retirement Savings Fund - Hybrid Debt Plan - Direct Plan,0.46,3.23,1.21,8.51,1.87
ICICI Prudential Retirement Fund - Hybrid Conservative Plan - Direct Plan,0.6,4.06,1.13,7.63,1.92
Nippon India Retirement Fund - Income Generation Scheme - Direct Plan,0.7,4.68,0.73,4.9,0.32
SBI Retirement Benefit Fund - Conservative Plan - Direct Plan,0.46,2.95,1.22,7.92,1.58
Tata Retirement Savings Fund - Conservative Plan - Direct Plan,0.65,4.07,0.77,4.87,0.28
UTI Children's Equity Fund-Direct Plan,0.93,13.03,0.84,11.76,-1.81
,,,,,
Retirement Fund 50s Plus,,,,,
Scheme,Beta,Stdev,Sharpe,Treynor,Alpha
Aditya Birla Sun Life Corporate Bond Fund - Direct Plan,0.55,1.13,0.43,0.87,0.37
Aditya Birla Sun Life Retirement Fund - The 50s Plus - Debt Plan - Direct Plan,0.85,1.62,-0.37,-0.71,-0.77
Axis Corporate Debt Fund - Direct Plan,0.53,1.05,0.52,1.03,0.44
Bandhan Corporate Bond Fund - Direct Plan,0.51,1.23,-0.15,-0.35,-0.28
HDFC Corporate Bond Fund - Direct Plan,0.64,1.27,0.32,0.63,0.27
ICICI Prudential Corporate Bond Fund - Direct Plan,0.44,0.89,0.82,1.66,0.64
ICICI Prudential Retirement Fund - Pure Debt Plan - Direct Plan,0.63,1.22,0.16,0.32,0.07
Kotak Corporate Bond Fund - Standard Plan - Direct Plan,0.48,0.99,0.35,0.72,0.25
SBI Corporate Bond Fund - Direct Plan,0.49,1.05,0.09,0.18,-0.01
,,,,,
Nifty SDL Plus PSU Bond,,,,,
Scheme,Beta,Stdev,Sharpe,Treynor,Alpha
Aditya Birla Sun Life Nifty SDL Plus PSU Bond Sep 2026 60:40 Index Fund - Direct Plan,-,-,-,-,-
,,,,,
Nifty SDL Apr 2027 Index,,,,,
Scheme,Beta,Stdev,Sharpe,Treynor,Alpha
Aditya Birla Sun Life Nifty SDL Apr 2027 Index Fund - Direct Plan,-,-,-,-,-
,,,,,
CRISIL SDL Plus AAA PSU Apr 2025,,,,,
Scheme,Beta,Stdev,Sharpe,Treynor,Alpha
Aditya Birla Sun Life CRISIL IBX 60:40 SDL+AAA PSU-Apr 2025 Index Fund - Direct Plan,-,-,-,-,-
,,,,,
CRISIL SDL Plus AAA PSU Apr 2027,,,,,
Scheme,Beta,Stdev,Sharpe,Treynor,Alpha
Aditya Birla Sun Life CRISIL IBX 60:40 SDL+AAA PSU-Apr 2027 Index Fund - Direct Plan,-,-,-,-,-
,,,,,
Long Duration Fund,,,,,
Scheme,Beta,Stdev,Sharpe,Treynor,Alpha
Aditya Birla Sun Life Long Duration Fund - Direct Plan,-,-,-,-,-
Axis Long Duration Fund - Direct Plan,-,-,-,-,-
HDFC Long Duration Debt Fund - Direct Plan,-,-,-,-,-
ICICI Prudential Long Term Bond Fund - Direct Plan,4.16,3.22,-0.03,-0.02,8.37
Nippon India Nivesh Lakshya Fund - Direct Plan,4.35,4.39,0.32,0.32,10.26
SBI Long Duration Fund - Direct Plan,-,-,-,-,-
UTI Long Duration Fund - Direct Plan,-,-,-,-,-
,,,,,
Nifty SDL Sep 2025 Index,,,,,
Scheme,Beta,Stdev,Sharpe,Treynor,Alpha
Aditya Birla Sun Life Nifty SDL Sep 2025 Index Fund - Direct Plan,-,-,-,-,-
,,,,,
CRISIL IBX Gilt - April 2026 Index,,,,,
Scheme,Beta,Stdev,Sharpe,Treynor,Alpha
Aditya Birla Sun Life CRISIL IBX Gilt-April 2026 Index Fund - Direct Plan,-,-,-,-,-
,,,,,
CRISIL IBX 50:50 Gilt Plus SDL Apr 2028 Index,,,,,
Scheme,Beta,Stdev,Sharpe,Treynor,Alpha
Aditya Birla Sun Life CRISIL IBX 50:50 Gilt Plus SDL Apr 2028 Index Fund - Direct Plan,-,-,-,-,-
,,,,,
CRISIL IBX Gilt Apr 2029 Index Fund,,,,,
Scheme,Beta,Stdev,Sharpe,Treynor,Alpha
Aditya Birla Sun Life CRISIL IBX Gilt -Apr 2029 Index Fund - Direct Plan,-,-,-,-,-
,,,,,
CRISIL IBX 60:40 SDL + AAA PSU Apr 2026 Index,,,,,
Scheme,Beta,Stdev,Sharpe,Treynor,Alpha
Aditya Birla Sun Life CRISIL IBX 60:40 SDL+ AAA PSU Apr 2026 Index Fund - Direct Plan,-,-,-,-,-
,,,,,
NIFTY SDL Sep 2027 Index,,,,,
Scheme,Beta,Stdev,Sharpe,Treynor,Alpha
Aditya Birla Sun Life Nifty SDL Sep 2027 Index Fund - Direct Plan,-,-,-,-,-
,,,,,
CRISIL IBX Gilt Apr 2028 Index,,,,,
Scheme,Beta,Stdev,Sharpe,Treynor,Alpha
Aditya Birla Sun Life CRISIL IBX Gilt Apr 2028 Index Fund - Direct Plan,-,-,-,-,-
,,,,,
CRISIL IBX AAA Index  March 2024,,,,,
Scheme,Beta,Stdev,Sharpe,Treynor,Alpha
,,,,,
CRISIL IBX SDL Index  June 2032,,,,,
Scheme,Beta,Stdev,Sharpe,Treynor,Alpha
Aditya Birla Sun Life CRISIL IBX SDL Jun 2032 Index Fund - Direct Plan,-,-,-,-,-
,,,,,
Liquid ETF,,,,,
Scheme,Beta,Stdev,Sharpe,Treynor,Alpha
Aditya Birla Sun Life CRISIL Liquid Overnight ETF,-,-,-,-,-
DSP NIFTY 1D Rate Liquid ETF,0.92,0.5,-0.97,-0.53,1.39
ICICI Prudential BSE Liquid Rate ETF,0.78,0.42,-0.85,-0.46,1.23
Kotak Nifty 1D Rate Liquid ETF,-,-,-,-,-
Mirae Asset Nifty 1D Rate Liquid ETF,-,-,-,-,-
Nippon India ETF Nifty 1D Rate Liquid BeES,0.74,0.41,-2.27,-1.26,0.58
,,,,,
US Treasury,,,,,
Scheme,Beta,Stdev,Sharpe,Treynor,Alpha
Aditya Birla Sun Life US Treasury 1-3 year Bond ETFs FoF - Direct Plan,-,-,-,-,-
Aditya Birla Sun Life US Treasury 3-10 year Bond ETFs FoF - Direct Plan,-,-,-,-,-
Axis US Treasury Dynamic Bond ETF FoF - Direct Plan,-,-,-,-,-
Bandhan US Treasury Bond 0-1 year FoF - Direct Plan,-,-,-,-,-
DSP US Treasury FoF - Direct Plan,-,-,-,-,-
,,,,,
Value Research,,,,,
